,,Temp,Hi,Low,Out,Dew,Wind,Wind,Wind,Hi,Hi,Wind,Heat,THW,,,Rain,Heat,Cool,In ,In,In ,In ,In ,In Air,Wind,Wind,ISS ,Arc.
Date,Time,Out,Temp,Temp,Hum,Pt.,Speed,Dir,Run,Speed,Dir,Chill,Index,Index,Bar  ,Rain,Rate,D-D ,D-D ,Temp,Hum,Dew,Heat,EMC,Density,Samp,Tx ,Recept,Int.
1/18/2022,8:30 PM,8.333333333,8.333333333,8.277777778,96,7.722222222,0,SSW,0,0.9,SSW,8.333333333,8.5,8.5,1043.6,0,0,0.375,0,19.83333333,54,50.5,66.8,10.04,0.0766,385,3,59.1,30
1/18/2022,9:00 PM,8.277777778,8.333333333,8.277777778,96,7.666666667,0,SSW,0,0.4,SSW,8.277777778,8.444444444,8.444444444,1043.5,0,0,0.377,0,19.38888889,54,49.7,65.9,10.07,0.0767,668,3,100,30
1/18/2022,9:30 PM,8.055555556,8.277777778,8.055555556,96,7.444444444,0,---,0,0,---,8.055555556,8.222222222,8.222222222,1043.7,0,0,0.385,0,19.16666667,54,49.3,65.4,10.09,0.0768,667,3,100,30
1/18/2022,10:00 PM,8.055555556,8.111111111,8,96,7.444444444,0,---,0,0,---,8.055555556,8.222222222,8.222222222,1043.6,0,0,0.385,0,19.11111111,56,50.2,65.5,10.42,0.0768,656,3,100,30
1/18/2022,10:30 PM,8.277777778,8.277777778,8.055555556,96,7.666666667,0,SSW,0,0.4,SSW,8.277777778,8.444444444,8.444444444,1044.3,0,0,0.377,0,19.11111111,60,52.1,65.8,11.05,0.0768,657,3,100,30
1/18/2022,11:00 PM,8.333333333,8.333333333,8.277777778,96,7.722222222,0,SW,0,0.4,SW,8.333333333,8.5,8.5,1044.3,0,0,0.375,0,18.38888889,60,50.9,64.3,11.05,0.077,665,3,100,30
1/18/2022,11:30 PM,8.277777778,8.333333333,8.277777778,96,7.666666667,0,SW,0,0.9,SW,8.277777778,8.444444444,8.444444444,1044.6,0,0,0.377,0,18.22222222,60,50.6,64,11.05,0.0771,667,3,100,30
1/19/2022,12:00 AM,8.277777778,8.333333333,8.277777778,96,7.666666667,0,SSW,0,0.4,SW,8.277777778,8.444444444,8.444444444,1044.3,0,0,0.377,0,17.94444444,60,50.1,63.4,11.06,0.0771,666,3,100,30
1/19/2022,12:30 AM,8.166666667,8.277777778,8.111111111,96,7.555555556,0,---,0,0,---,8.166666667,8.333333333,8.333333333,1044.9,0,0,0.381,0,17.72222222,60,49.7,63,11.07,0.0773,667,3,100,30
1/19/2022,1:00 AM,7.944444444,8.166666667,7.944444444,96,7.333333333,0,---,0,0,---,7.944444444,8.111111111,8.111111111,1044.7,0,0,0.39,0,17.83333333,60,49.9,63.2,11.07,0.0772,666,3,100,30
1/19/2022,1:30 AM,7.555555556,8,7.555555556,95,6.833333333,0,SSW,0,0.4,SSW,7.555555556,7.722222222,7.722222222,1044.8,0,0,0.404,0,17.83333333,60,49.9,63.2,11.07,0.0772,666,3,100,30
1/19/2022,2:00 AM,7.388888889,7.611111111,7.333333333,96,6.777777778,0,---,0,0,---,7.388888889,7.555555556,7.555555556,1044.9,0,0,0.41,0,17.77777778,60,49.8,63.1,11.07,0.0772,666,3,100,30
1/19/2022,2:30 AM,7.5,7.555555556,7.333333333,97,7.055555556,0,SSW,0,0.4,SSW,7.5,7.666666667,7.666666667,1045.5,0,0,0.406,0,17.72222222,59,49.3,62.9,10.95,0.0773,670,3,100,30
1/19/2022,3:00 AM,7.444444444,7.5,7.444444444,97,7,0,---,0,0,---,7.444444444,7.611111111,7.611111111,1045.9,0,0,0.408,0,17.72222222,59,49.3,62.9,10.95,0.0773,664,3,100,30
1/19/2022,3:30 AM,7.777777778,7.777777778,7.444444444,97,7.333333333,0,S,0,1.8,S,7.777777778,7.944444444,7.944444444,1045.8,0,0,0.396,0,17.66666667,59,49.2,62.8,10.95,0.0774,667,3,100,30
1/19/2022,4:00 AM,7.666666667,7.833333333,7.666666667,96,7.055555556,0.4,SSE,0.8,1.3,SE,7.666666667,7.833333333,7.833333333,1045.6,0,0,0.4,0,17.61111111,59,49.1,62.7,10.95,0.0774,667,3,100,30
1/19/2022,4:30 AM,7.611111111,7.666666667,7.611111111,96,7,0,SSE,0,0.9,SSE,7.611111111,7.777777778,7.777777778,1045.8,0,0,0.402,0,17.66666667,59,49.2,62.8,10.95,0.0774,666,3,100,30
1/19/2022,5:00 AM,7.611111111,7.666666667,7.611111111,96,7,0,SSE,0,0.9,SSE,7.611111111,7.777777778,7.777777778,1045.7,0,0,0.402,0,17.72222222,59,49.3,62.9,10.95,0.0773,662,3,100,30
1/19/2022,5:30 AM,7.444444444,7.611111111,7.444444444,96,6.833333333,0,SSE,0,0.4,SSE,7.444444444,7.611111111,7.611111111,1046.1,0,0,0.408,0,17.66666667,59,49.2,62.8,10.95,0.0774,668,3,100,30
1/19/2022,6:00 AM,7.444444444,7.5,7.388888889,96,6.833333333,0,---,0,0,---,7.444444444,7.611111111,7.611111111,1046,0,0,0.408,0,17.61111111,58,48.6,62.6,10.75,0.0774,664,3,100,30
1/19/2022,6:30 AM,7.277777778,7.444444444,7.277777778,95,6.555555556,0,---,0,0,---,7.277777778,7.388888889,7.388888889,1046.1,0,0,0.415,0,17.55555556,58,48.5,62.5,10.75,0.0774,669,3,100,30
1/19/2022,7:00 AM,7.055555556,7.277777778,7.055555556,95,6.333333333,0,---,0,0,---,7.055555556,7.166666667,7.166666667,1046.2,0,0,0.423,0,17.5,58,48.5,62.4,10.75,0.0775,665,3,100,30
1/19/2022,7:30 AM,6.944444444,7.055555556,6.944444444,96,6.333333333,0,---,0,0,---,6.944444444,7.055555556,7.055555556,1046.3,0,0,0.427,0,17.55555556,58,48.5,62.5,10.75,0.0774,662,3,100,30
1/19/2022,8:00 AM,7.055555556,7.055555556,6.944444444,96,6.444444444,0,SSE,0,0.9,SSE,7.055555556,7.166666667,7.166666667,1046.5,0,0,0.423,0,17.55555556,59,49,62.5,10.95,0.0774,667,3,100,30
1/19/2022,8:30 AM,7.055555556,7.111111111,7,96,6.444444444,0,SSE,0,0.4,SSE,7.055555556,7.166666667,7.166666667,1046.9,0,0,0.423,0,17.38888889,60,49.2,62.3,11.08,0.0775,667,3,100,30
1/19/2022,9:00 AM,7.222222222,7.222222222,7.055555556,97,6.777777778,0,---,0,0,---,7.222222222,7.388888889,7.388888889,1047,0,0,0.417,0,17.33333333,59,48.6,62.1,10.95,0.0776,666,3,100,30
1/19/2022,9:30 AM,7.611111111,7.666666667,7.222222222,96,7,0,SSE,0,1.3,SSE,7.611111111,7.777777778,7.777777778,1047,0,0,0.402,0,17.33333333,59,48.6,62.1,10.95,0.0776,667,3,100,30
1/19/2022,10:00 AM,8.166666667,8.166666667,7.611111111,95,7.388888889,0.4,S,0.8,1.8,S,8.166666667,8.333333333,8.333333333,1047.2,0,0,0.381,0,17.33333333,60,49.1,62.1,11.09,0.0776,667,3,100,30
1/19/2022,10:30 AM,8.5,8.5,8.166666667,93,7.444444444,0,S,0,1.3,S,8.5,8.666666667,8.666666667,1047.2,0,0,0.369,0,17.44444444,60,49.3,62.4,11.08,0.0775,666,3,100,30
1/19/2022,11:00 AM,8.611111111,8.611111111,8.5,92,7.388888889,0.4,SE,0.8,1.3,ESE,8.611111111,8.777777778,8.777777778,1047.1,0,0,0.365,0,17.44444444,60,49.3,62.4,11.08,0.0775,666,3,100,30
1/19/2022,11:30 AM,8.777777778,8.777777778,8.611111111,90,7.222222222,0,SSE,0,1.3,SE,8.777777778,8.888888889,8.888888889,1047.1,0,0,0.358,0,17.5,59,48.9,62.4,10.95,0.0775,661,3,100,30
1/19/2022,12:00 PM,8.833333333,8.888888889,8.722222222,89,7.111111111,0,SSW,0,1.3,SSW,8.833333333,8.944444444,8.944444444,1046.9,0,0,0.356,0,17.55555556,59,49,62.5,10.95,0.0775,665,3,100,30
1/19/2022,12:30 PM,9,9,8.833333333,87,6.944444444,0.4,S,0.8,1.8,SSE,9,9.055555556,9.055555556,1046.6,0,0,0.35,0,17.77777778,58,48.9,62.9,10.75,0.0774,664,3,100,30
1/19/2022,1:00 PM,8.833333333,9,8.833333333,87,6.777777778,0.4,SSE,0.8,1.8,SSE,8.833333333,8.888888889,8.888888889,1046.6,0,0,0.356,0,17.77777778,58,48.9,62.9,10.75,0.0774,669,3,100,30
1/19/2022,1:30 PM,8.944444444,8.944444444,8.777777778,89,7.222222222,0.4,SSE,0.8,2.2,SSE,8.944444444,9.055555556,9.055555556,1046.4,0,0,0.352,0,17.88888889,58,49.1,63.2,10.75,0.0773,667,3,100,30
1/19/2022,2:00 PM,9.333333333,9.333333333,8.944444444,88,7.444444444,0,SSE,0,1.3,SSE,9.333333333,9.444444444,9.444444444,1046,0,0,0.338,0,17.72222222,58,48.8,62.8,10.75,0.0774,669,3,100,30
1/19/2022,2:30 PM,9.722222222,9.722222222,9.277777778,86,7.5,0,---,0,0,---,9.722222222,9.777777778,9.777777778,1046.1,0,0,0.323,0,17.72222222,58,48.8,62.8,10.75,0.0774,668,3,100,30
1/19/2022,3:00 PM,10.05555556,10.05555556,9.722222222,84,7.5,0,---,0,0,---,10.05555556,10.11111111,10.11111111,1045.8,0,0,0.31,0,17.77777778,58,48.9,62.9,10.75,0.0773,667,3,100,30
1/19/2022,3:30 PM,10.11111111,10.16666667,10.05555556,79,6.611111111,0,SSE,0,1.3,SSE,10.11111111,10.05555556,10.05555556,1045.5,0,0,0.308,0,17.61111111,58,48.6,62.6,10.75,0.0774,665,3,100,30
1/19/2022,4:00 PM,10,10.11111111,10,80,6.722222222,0,ESE,0,0.9,ESE,10,10,10,1045.6,0,0,0.313,0,17.72222222,58,48.8,62.8,10.75,0.0773,667,3,100,30
1/19/2022,4:30 PM,9.777777778,10,9.777777778,81,6.666666667,0,SSE,0,0.9,ESE,9.777777778,9.777777778,9.777777778,1045.3,0,0,0.321,0,17.77777778,60,49.8,63.1,11.07,0.0773,667,3,100,30
1/19/2022,5:00 PM,9.722222222,9.777777778,9.722222222,85,7.333333333,0,SSE,0,0.9,SSE,9.722222222,9.777777778,9.777777778,1045.3,0,0,0.323,0,17.72222222,61,50.2,63.1,11.25,0.0773,667,3,100,30
1/19/2022,5:30 PM,9.555555556,9.722222222,9.555555556,89,7.833333333,0,SSE,0,0.9,SSE,9.555555556,9.722222222,9.722222222,1045.3,0,0,0.329,0,17.88888889,60,50,63.3,11.07,0.0772,664,3,100,30
1/19/2022,6:00 PM,9.333333333,9.555555556,9.333333333,90,7.777777778,0,SSE,0,0.9,SSE,9.333333333,9.5,9.5,1045.3,0,0,0.338,0,17.66666667,60,49.6,62.9,11.07,0.0773,665,3,100,30
1/19/2022,6:30 PM,9.277777778,9.333333333,9.277777778,91,7.888888889,0,SSE,0,0.9,SSE,9.277777778,9.444444444,9.444444444,1045.4,0.25,0,0.34,0,17.77777778,61,50.3,63.2,11.25,0.0773,667,3,100,30
1/19/2022,7:00 PM,9.277777778,9.277777778,9.222222222,93,8.222222222,0,SSE,0,0.9,SSE,9.277777778,9.5,9.5,1044.9,0,0,0.34,0,17.83333333,62,50.8,63.4,11.45,0.0772,664,3,100,30
1/19/2022,7:30 PM,9.222222222,9.277777778,9.166666667,92,8,0.4,SE,0.8,1.8,SSE,9.222222222,9.388888889,9.388888889,1044.8,0,0,0.342,0,17.94444444,62,51,63.6,11.45,0.0771,663,3,100,30
1/19/2022,8:00 PM,9.166666667,9.222222222,9.166666667,94,8.277777778,0.4,SSE,0.8,1.8,SSE,9.166666667,9.388888889,9.388888889,1044.9,0,0,0.344,0,17.88888889,62,50.9,63.5,11.45,0.0772,665,3,100,30
1/19/2022,8:30 PM,9.222222222,9.277777778,9.166666667,95,8.444444444,0.4,SE,0.8,2.7,ESE,9.222222222,9.5,9.5,1044.9,0.25,0,0.342,0,17.88888889,62,50.9,63.5,11.45,0.0772,666,3,100,30
1/19/2022,9:00 PM,9.333333333,9.333333333,9.222222222,96,8.722222222,0.9,SE,1.61,2.2,SE,9.333333333,9.611111111,9.611111111,1044.6,0,0,0.338,0,17.94444444,65,52.3,63.9,11.96,0.0771,663,3,100,30
1/19/2022,9:30 PM,9.222222222,9.333333333,9.222222222,96,8.611111111,0.4,SE,0.8,1.3,ESE,9.222222222,9.5,9.5,1044.7,0,0,0.342,0,18,65,52.4,64,11.96,0.0771,666,3,100,30
1/19/2022,10:00 PM,9.333333333,9.333333333,9.222222222,96,8.722222222,0.4,SE,0.8,0.9,E,9.333333333,9.611111111,9.611111111,1044.6,0,0,0.338,0,17.88888889,65,52.2,63.7,11.97,0.0771,664,3,100,30
1/19/2022,10:30 PM,9.5,9.5,9.333333333,96,8.888888889,0.4,SE,0.8,1.8,SE,9.5,9.777777778,9.777777778,1044.4,0,0,0.331,0,17.72222222,64,51.5,63.3,11.77,0.0772,666,3,100,30
1/19/2022,11:00 PM,9.388888889,9.5,9.388888889,96,8.777777778,0.4,SE,0.8,2.2,SSE,9.388888889,9.666666667,9.666666667,1044.3,0,0,0.335,0,17.66666667,63,51,63.1,11.65,0.0772,667,3,100,30
1/19/2022,11:30 PM,9.388888889,9.444444444,9.388888889,96,8.777777778,0.9,SE,1.61,1.8,SSE,9.388888889,9.666666667,9.666666667,1043.9,0,0,0.335,0,17.5,63,50.7,62.8,11.65,0.0772,665,3,100,30
1/20/2022,12:00 AM,9.333333333,9.388888889,9.333333333,96,8.722222222,0.4,SE,0.8,2.7,SSE,9.333333333,9.611111111,9.611111111,1043.9,0.25,0,0.338,0,17.61111111,64,51.3,63.1,11.78,0.0772,667,3,100,30
1/20/2022,12:30 AM,9.222222222,9.333333333,9.222222222,96,8.611111111,0.4,SE,0.8,1.8,S,9.222222222,9.5,9.5,1043.6,0,0,0.342,0,17.44444444,65,51.4,62.8,11.98,0.0772,665,3,100,30
1/20/2022,1:00 AM,9.222222222,9.222222222,9.111111111,97,8.777777778,0.4,SSE,0.8,2.2,SSE,9.222222222,9.5,9.5,1043.6,0,0,0.342,0,17.5,65,51.5,63,11.98,0.0772,666,3,100,30
1/20/2022,1:30 AM,9.333333333,9.333333333,9.222222222,97,8.888888889,0.4,SE,0.8,2.2,SSE,9.333333333,9.611111111,9.611111111,1043,0,0,0.338,0,17.5,64,51.1,62.9,11.78,0.0771,664,3,100,30
1/20/2022,2:00 AM,9.944444444,9.944444444,9.333333333,97,9.5,0.4,SE,0.8,1.3,SE,9.944444444,10.27777778,10.27777778,1042.8,0,0,0.315,0,17.55555556,64,51.2,63,11.78,0.0771,664,3,100,30
1/20/2022,2:30 AM,10.33333333,10.33333333,9.944444444,97,9.888888889,0.4,SE,0.8,3.1,SE,10.33333333,10.61111111,10.61111111,1042.4,0,0,0.3,0,17.66666667,64,51.4,63.2,11.77,0.077,669,3,100,30
1/20/2022,3:00 AM,10.44444444,10.5,10.33333333,97,10,0.4,SE,0.8,2.2,NW,10.44444444,10.72222222,10.72222222,1041.9,0,0,0.296,0,17.77777778,63,51.1,63.3,11.65,0.077,669,3,100,30
1/20/2022,3:30 AM,10.61111111,10.61111111,10.44444444,96,10,0.9,SE,1.61,2.7,ESE,10.61111111,10.83333333,10.83333333,1041.8,0,0,0.29,0,17.77777778,63,51.1,63.3,11.65,0.077,666,3,100,30
1/20/2022,4:00 AM,10.83333333,10.83333333,10.61111111,96,10.22222222,0.4,SE,0.8,2.7,ESE,10.83333333,11.05555556,11.05555556,1041.5,0,0,0.281,0,17.72222222,63,51.1,63.2,11.65,0.077,669,3,100,30
1/20/2022,4:30 AM,11.11111111,11.11111111,10.83333333,95,10.33333333,0.9,SSE,1.61,2.7,ESE,11.11111111,11.27777778,11.27777778,1041.3,0,0,0.271,0,17.72222222,63,51.1,63.2,11.65,0.0769,666,3,100,30
1/20/2022,5:00 AM,11.22222222,11.22222222,11.11111111,95,10.44444444,0.4,SE,0.8,2.7,ESE,11.22222222,11.38888889,11.38888889,1041.4,0,0,0.267,0,17.72222222,63,51.1,63.2,11.65,0.0769,662,3,100,30
1/20/2022,5:30 AM,11.27777778,11.27777778,11.22222222,96,10.66666667,0.4,SE,0.8,2.7,ESE,11.27777778,11.44444444,11.44444444,1040.7,0,0,0.265,0,17.66666667,63,51,63.1,11.65,0.0769,667,3,100,30
1/20/2022,6:00 AM,11.27777778,11.27777778,11.27777778,96,10.66666667,0.4,SE,0.8,3.6,SSE,11.27777778,11.44444444,11.44444444,1041.4,0,0,0.265,0,17.72222222,63,51.1,63.2,11.65,0.0769,666,3,100,30
1/20/2022,6:30 AM,11.16666667,11.27777778,11.16666667,95,10.38888889,0.4,N,0.8,2.2,S,11.16666667,11.33333333,11.33333333,1041.4,0.25,0,0.269,0,17.72222222,62,50.6,63.1,11.45,0.077,667,3,100,30
1/20/2022,7:00 AM,11,11.16666667,11,95,10.22222222,0.4,SSE,0.8,1.3,SSE,11,11.16666667,11.16666667,1040.3,0,0,0.275,0,17.77777778,62,50.7,63.3,11.45,0.0769,667,3,100,30
1/20/2022,7:30 AM,10.94444444,11,10.94444444,95,10.16666667,0.4,S,0.8,2.2,SSE,10.94444444,11.11111111,11.11111111,1041.2,0,0,0.277,0,17.77777778,62,50.7,63.3,11.45,0.0769,666,3,100,30
1/20/2022,8:00 AM,11,11,10.94444444,95,10.22222222,0.4,S,0.8,1.8,WNW,11,11.16666667,11.16666667,1041,0,0,0.275,0,17.83333333,62,50.8,63.4,11.45,0.0769,667,3,100,30
1/20/2022,8:30 AM,11.16666667,11.16666667,11,94,10.22222222,0.4,S,0.8,2.7,SSE,11.16666667,11.33333333,11.33333333,1041,0,0,0.269,0,17.72222222,63,51.1,63.2,11.65,0.0769,668,3,100,30
1/20/2022,9:00 AM,11.16666667,11.16666667,11.11111111,93,10.05555556,0.4,SE,0.8,1.8,SSE,11.16666667,11.33333333,11.33333333,1042,0,0,0.269,0,17.66666667,64,51.4,63.2,11.77,0.077,666,3,100,30
1/20/2022,9:30 AM,11.11111111,11.22222222,11.11111111,92,9.833333333,0.4,SSE,0.8,2.2,WSW,11.11111111,11.22222222,11.22222222,1042.5,0,0,0.271,0,17.66666667,64,51.4,63.2,11.77,0.077,665,3,100,30
1/20/2022,12:00 PM,10.88888889,11.11111111,10.88888889,94,9.944444444,0,SE,0,1.3,NNE,10.88888889,11.05555556,11.05555556,1043.7,0,0,0.279,0,20.11111111,59,53.3,67.7,10.95,0.0764,664,3,100,30
1/20/2022,12:30 PM,11.16666667,11.16666667,10.88888889,94,10.22222222,0,SSE,0,1.3,SSE,11.16666667,11.33333333,11.33333333,1043.6,0,0,0.269,0,19.83333333,58,52.4,67.2,10.75,0.0765,668,3,100,30
1/20/2022,1:00 PM,11.44444444,11.44444444,11.11111111,93,10.33333333,0,SSW,0,1.3,WNW,11.44444444,11.55555556,11.55555556,1043.8,0,0,0.258,0,19.61111111,59,52.5,66.8,10.95,0.0766,666,3,100,30
1/20/2022,1:30 PM,11.05555556,11.5,11.05555556,92,9.777777778,0,SSW,0,1.8,N,11.05555556,11.16666667,11.16666667,1043.8,0,0,0.273,0,19.5,59,52.3,66.5,10.95,0.0766,668,3,100,30
1/20/2022,2:00 PM,10.77777778,11.11111111,10.77777778,92,9.555555556,0,NNW,0,1.8,WNW,10.77777778,10.94444444,10.94444444,1043.7,0,0,0.283,0,19.38888889,59,52.1,66.3,10.95,0.0766,666,3,100,30
1/20/2022,2:30 PM,10.77777778,10.77777778,10.72222222,88,8.888888889,0.4,W,0.8,1.8,WSW,10.77777778,10.83333333,10.83333333,1044,0,0,0.283,0,19.55555556,59,52.4,66.7,10.95,0.0766,663,3,100,30
1/20/2022,3:00 PM,11.16666667,11.22222222,10.77777778,88,9.277777778,0,NNW,0,1.3,SSW,11.16666667,11.22222222,11.22222222,1044.5,0,0,0.269,0,19.55555556,59,52.4,66.7,10.95,0.0766,655,3,100,30
1/20/2022,3:30 PM,10.66666667,11.16666667,10.66666667,90,9.111111111,0,N,0,1.3,N,10.66666667,10.77777778,10.77777778,1045,0,0,0.287,0,19.5,59,52.3,66.5,10.95,0.0767,662,3,100,30
1/20/2022,4:00 PM,9.777777778,10.66666667,9.777777778,91,8.388888889,0.4,N,0.8,3.6,NNW,9.777777778,9.944444444,9.944444444,1045.9,1.02,14,0.321,0,19.44444444,58,51.7,66.3,10.75,0.0768,666,3,100,30
1/20/2022,4:30 PM,8.388888889,9.777777778,8.388888889,93,7.333333333,0.4,ESE,0.8,2.2,ESE,8.388888889,8.555555556,8.555555556,1046.5,2.03,43.2,0.373,0,19.44444444,57,51.3,66.3,10.61,0.0769,661,3,100,30
1/20/2022,5:00 PM,8.222222222,8.388888889,8.222222222,95,7.444444444,0,SE,0,1.3,SE,8.222222222,8.388888889,8.388888889,1046.8,0.25,0,0.379,0,19.33333333,57,51.1,66,10.61,0.0769,662,3,100,30
1/20/2022,5:30 PM,8.166666667,8.222222222,8.166666667,95,7.388888889,0.4,SE,0.8,1.3,S,8.166666667,8.333333333,8.333333333,1047.5,0.76,3,0.381,0,19.38888889,57,51.2,66.1,10.61,0.077,661,3,100,30
1/20/2022,6:00 PM,7.944444444,8.166666667,7.888888889,95,7.166666667,0.4,SE,0.8,2.2,S,7.944444444,8.111111111,8.111111111,1048,0.51,9.7,0.39,0,19.5,58,51.8,66.5,10.75,0.0769,662,3,100,30
1/20/2022,6:30 PM,7.777777778,7.944444444,7.777777778,95,7,0.4,SE,0.8,1.8,S,7.777777778,7.944444444,7.944444444,1048.5,0,0,0.396,0,19.38888889,57,51.2,66.1,10.61,0.077,663,3,100,30
1/20/2022,7:00 PM,7.666666667,7.777777778,7.666666667,95,6.888888889,0.4,SE,0.8,1.3,SE,7.666666667,7.833333333,7.833333333,1049,0,0,0.4,0,19.38888889,57,51.2,66.1,10.61,0.0771,663,3,100,30
1/20/2022,7:30 PM,7.722222222,7.722222222,7.666666667,95,6.944444444,0.4,SE,0.8,1.8,SSE,7.722222222,7.888888889,7.888888889,1049.6,0,0,0.398,0,19.22222222,57,50.9,65.8,10.62,0.0772,660,3,100,30
1/20/2022,8:00 PM,7.5,7.722222222,7.5,94,6.611111111,0.4,SSE,0.8,1.8,SSE,7.5,7.611111111,7.611111111,1049.9,0,0,0.406,0,19.22222222,57,50.9,65.8,10.62,0.0772,660,3,100,30
1/20/2022,8:30 PM,7.055555556,7.5,7.055555556,94,6.166666667,0,ESE,0,1.3,ESE,7.055555556,7.166666667,7.166666667,1050.4,0,0,0.423,0,19.16666667,58,51.3,65.7,10.75,0.0772,662,3,100,30
1/20/2022,9:00 PM,6.777777778,7.055555556,6.777777778,95,6.055555556,0,SE,0,0.9,ESE,6.777777778,6.888888889,6.888888889,1051.3,0,0,0.433,0,19.05555556,57,50.6,65.4,10.62,0.0774,664,3,100,30
1/20/2022,9:30 PM,6.833333333,6.888888889,6.777777778,94,5.944444444,0,SE,0,1.3,SE,6.833333333,6.944444444,6.944444444,1051.6,0,0,0.431,0,19.11111111,57,50.7,65.5,10.62,0.0774,661,3,100,30
1/20/2022,10:00 PM,6.388888889,6.833333333,6.388888889,94,5.5,0,---,0,0,---,6.388888889,6.444444444,6.444444444,1051.9,0,0,0.448,0,18.94444444,58,50.9,65.3,10.75,0.0774,662,3,100,30
1/20/2022,10:30 PM,6,6.388888889,6,95,5.277777778,0,---,0,0,---,6,6.055555556,6.055555556,1052.1,0,0,0.463,0,19.05555556,57,50.6,65.4,10.62,0.0774,662,3,100,30
1/20/2022,11:00 PM,6.277777778,6.333333333,5.944444444,95,5.555555556,0,ESE,0,0.4,ESE,6.277777778,6.333333333,6.333333333,1052.5,0,0,0.452,0,19,57,50.5,65.3,10.63,0.0775,663,3,100,30
1/20/2022,11:30 PM,6.111111111,6.277777778,6.111111111,95,5.388888889,0,---,0,0,---,6.111111111,6.166666667,6.166666667,1053,0,0,0.458,0,19.05555556,57,50.6,65.4,10.62,0.0775,665,3,100,30
1/21/2022,12:00 AM,6.166666667,6.222222222,6.111111111,96,5.555555556,0,---,0,0,---,6.166666667,6.222222222,6.222222222,1053.5,0,0,0.456,0,19.05555556,57,50.6,65.4,10.62,0.0775,665,3,100,30
1/21/2022,12:30 AM,6.222222222,6.277777778,6.166666667,96,5.611111111,0,---,0,0,---,6.222222222,6.333333333,6.333333333,1054.1,0,0,0.454,0,19.05555556,57,50.6,65.4,10.62,0.0776,666,3,100,30
1/21/2022,1:00 AM,6.333333333,6.388888889,6.222222222,96,5.722222222,0,ESE,0,0.4,ESE,6.333333333,6.444444444,6.444444444,1054.1,0,0,0.45,0,18.72222222,59,51,64.9,10.95,0.0776,668,3,100,30
1/21/2022,1:30 AM,6.333333333,6.388888889,6.333333333,96,5.722222222,0,---,0,0,---,6.333333333,6.444444444,6.444444444,1054.9,0,0,0.45,0,18.61111111,59,50.8,64.7,10.95,0.0777,667,3,100,30
1/21/2022,2:00 AM,6.444444444,6.5,6.333333333,97,6,0,---,0,0,---,6.444444444,6.555555556,6.555555556,1055.6,0,0,0.446,0,18.55555556,59,50.7,64.6,10.95,0.0778,667,3,100,30
1/21/2022,2:30 AM,6.5,6.5,6.444444444,97,6.055555556,0,ESE,0,0.4,ESE,6.5,6.666666667,6.666666667,1056.2,0,0,0.444,0,18.55555556,59,50.7,64.6,10.95,0.0778,668,3,100,30
1/21/2022,3:00 AM,6.555555556,6.555555556,6.444444444,97,6.111111111,0,ESE,0,0.4,ESE,6.555555556,6.722222222,6.722222222,1056.8,0,0,0.442,0,18.44444444,59,50.5,64.3,10.95,0.0779,666,3,100,30
1/21/2022,3:30 AM,6.555555556,6.611111111,6.555555556,96,5.944444444,0,ESE,0,0.4,ESE,6.555555556,6.666666667,6.666666667,1056.7,0,0,0.442,0,18.44444444,58,50,64.3,10.75,0.0779,666,3,100,30
1/21/2022,4:00 AM,6.444444444,6.555555556,6.444444444,96,5.833333333,0,---,0,0,---,6.444444444,6.555555556,6.555555556,1056.3,0,0,0.446,0,18.5,58,50.1,64.4,10.75,0.0779,662,3,100,30
1/21/2022,4:30 AM,6.388888889,6.444444444,6.388888889,97,5.944444444,0,ESE,0,0.4,ESE,6.388888889,6.5,6.5,1056.5,0,0,0.448,0,18.38888889,58,50,64.2,10.75,0.0779,665,3,100,30
1/21/2022,5:00 AM,6.277777778,6.444444444,6.277777778,97,5.833333333,0,---,0,0,---,6.277777778,6.388888889,6.388888889,1057.2,0,0,0.452,0,18.44444444,58,50,64.3,10.75,0.078,664,3,100,30
1/21/2022,5:30 AM,6.277777778,6.277777778,6.222222222,97,5.833333333,0,---,0,0,---,6.277777778,6.388888889,6.388888889,1057.2,0,0,0.452,0,18.44444444,57,49.6,64.2,10.65,0.078,663,3,100,30
1/21/2022,6:00 AM,6.388888889,6.388888889,6.222222222,97,5.944444444,0,---,0,0,---,6.388888889,6.5,6.5,1056.6,0,0,0.448,0,18.38888889,57,49.5,64.1,10.65,0.078,664,3,100,30
1/21/2022,6:30 AM,6.277777778,6.388888889,6.277777778,96,5.666666667,0,---,0,0,---,6.277777778,6.388888889,6.388888889,1056.7,0,0,0.452,0,18.44444444,57,49.6,64.2,10.65,0.078,661,3,100,30
1/21/2022,7:00 AM,5.555555556,6.277777778,5.555555556,96,4.944444444,0,---,0,0,---,5.555555556,5.611111111,5.611111111,1056.8,0,0,0.479,0,18.38888889,57,49.5,64.1,10.65,0.078,663,3,100,30
1/21/2022,7:30 AM,5.277777778,5.555555556,5.222222222,97,4.833333333,0,---,0,0,---,5.277777778,5.333333333,5.333333333,1057.3,0,0,0.49,0,18.33333333,57,49.4,64,10.65,0.078,661,3,100,30
1/21/2022,8:00 AM,5.555555556,5.555555556,5.277777778,97,5.111111111,0,---,0,0,---,5.555555556,5.611111111,5.611111111,1057.9,0,0,0.479,0,18.38888889,57,49.5,64.1,10.65,0.0781,667,3,100,30
1/21/2022,8:30 AM,6.055555556,6.055555556,5.555555556,98,5.777777778,0,ESE,0,0.4,ESE,6.055555556,6.166666667,6.166666667,1058.4,0,0,0.46,0,18.33333333,56,48.9,63.9,10.45,0.0781,665,3,100,30
1/21/2022,9:00 AM,6.444444444,6.444444444,6.055555556,98,6.166666667,0,---,0,0,---,6.444444444,6.611111111,6.611111111,1058.9,0,0,0.446,0,18.11111111,57,49,63.5,10.64,0.0782,662,3,100,30
1/21/2022,9:30 AM,7.277777778,7.277777778,6.444444444,96,6.666666667,0,ESE,0,0.4,ESE,7.277777778,7.388888889,7.388888889,1059.2,0,0,0.415,0,17.5,58,48.5,62.4,10.75,0.0784,667,3,100,30
1/21/2022,10:00 AM,7.388888889,7.444444444,7.277777778,93,6.333333333,0,WSW,0,0.4,WNW,7.388888889,7.5,7.5,1059.4,0,0,0.41,0,17.55555556,59,49,62.5,10.95,0.0784,665,3,100,30
1/21/2022,10:30 AM,7.388888889,7.388888889,7.333333333,91,6,0,WSW,0,0.9,WSW,7.388888889,7.444444444,7.444444444,1059.6,0,0,0.41,0,17.44444444,59,48.8,62.3,10.95,0.0785,667,3,100,30
1/21/2022,11:00 AM,9.055555556,9.055555556,7.388888889,88,7.166666667,0.4,SE,0.8,1.3,ESE,9.055555556,9.111111111,9.111111111,1059.5,0,0,0.348,0,17.44444444,59,48.8,62.3,10.95,0.0785,663,3,100,30
1/21/2022,11:30 AM,8.944444444,9.277777778,8.944444444,86,6.722222222,0,SSE,0,1.8,SSE,8.944444444,8.944444444,8.944444444,1059.3,0,0,0.352,0,17.5,59,48.9,62.4,10.95,0.0784,665,3,100,30
1/21/2022,12:00 PM,8.777777778,8.944444444,8.777777778,84,6.222222222,0,NE,0,0.9,NE,8.777777778,8.777777778,8.777777778,1059.1,0,0,0.358,0,17.44444444,59,48.8,62.3,10.95,0.0784,668,3,100,30
1/21/2022,12:30 PM,8.777777778,8.777777778,8.666666667,83,6.055555556,0,NE,0,1.3,E,8.777777778,8.777777778,8.777777778,1059,0,0,0.358,0,17.55555556,59,49,62.5,10.95,0.0784,661,3,100,30
1/21/2022,1:00 PM,9.111111111,9.111111111,8.777777778,81,6,0,ENE,0,1.3,ENE,9.111111111,9.055555556,9.055555556,1058.8,0,0,0.346,0,17.44444444,60,49.3,62.4,11.08,0.0784,666,3,100,30
1/21/2022,1:30 PM,9.333333333,9.333333333,9.111111111,87,7.277777778,0,ENE,0,0.9,ENE,9.333333333,9.444444444,9.444444444,1058.6,0,0,0.338,0,17.44444444,60,49.3,62.4,11.08,0.0784,665,3,100,30
1/21/2022,2:00 PM,9.222222222,9.333333333,9,87,7.166666667,0,NNW,0,1.3,NW,9.222222222,9.277777778,9.277777778,1058.6,0,0,0.342,0,17.61111111,61,50,62.8,11.25,0.0783,669,3,100,30
1/21/2022,2:30 PM,9.444444444,9.5,9.222222222,78,5.777777778,0.4,E,0.8,1.3,SE,9.444444444,9.333333333,9.333333333,1058.5,0,0,0.333,0,17.66666667,61,50.1,62.9,11.25,0.0783,667,3,100,30
1/21/2022,3:00 PM,9.388888889,9.555555556,9.388888889,78,5.722222222,0,NNE,0,1.3,N,9.388888889,9.277777778,9.277777778,1058.7,0,0,0.335,0,17.66666667,61,50.1,62.9,11.25,0.0783,669,3,100,30
1/21/2022,3:30 PM,9,9.444444444,9,78,5.388888889,0,ENE,0,1.3,E,9,8.888888889,8.888888889,1058.8,0,0,0.35,0,17.55555556,61,49.9,62.7,11.25,0.0783,667,3,100,30
1/21/2022,4:00 PM,8.388888889,9,8.388888889,85,6,0,NE,0,0.9,NE,8.388888889,8.388888889,8.388888889,1058.8,0,0,0.373,0,17.55555556,61,49.9,62.7,11.25,0.0783,666,3,100,30
1/21/2022,4:30 PM,8.277777778,8.388888889,8.277777778,87,6.222222222,0,WNW,0,1.3,NW,8.277777778,8.333333333,8.333333333,1058.9,0,0,0.377,0,17.55555556,61,49.9,62.7,11.25,0.0783,661,3,100,30
1/21/2022,5:00 PM,8.111111111,8.333333333,8.111111111,85,5.722222222,0,NNE,0,0.9,NE,8.111111111,8.111111111,8.111111111,1058.8,0,0,0.383,0,17.55555556,61,49.9,62.7,11.25,0.0783,665,3,100,30
1/21/2022,5:30 PM,7.222222222,8.111111111,7.222222222,88,5.388888889,0,NNE,0,0.9,NNE,7.222222222,7.222222222,7.222222222,1038.4,0,0,0.417,0,18.88888889,58,50.8,65.1,10.75,0.0764,367,3,56.4,30
1/21/2022,6:00 PM,7,7.222222222,7,90,5.444444444,0,NNE,0,0.9,NNE,7,7.055555556,7.055555556,1038.3,0,0,0.425,0,18.27777778,58,49.8,63.9,10.75,0.0766,660,3,100,30
1/21/2022,6:30 PM,6.277777778,7,6.277777778,90,4.777777778,0,NNE,0,0.4,NNE,6.277777778,6.277777778,6.277777778,1038.2,0,0,0.452,0,17.44444444,60,49.3,62.4,11.08,0.0768,667,3,100,30
1/21/2022,7:00 PM,5.444444444,6.277777778,5.444444444,92,4.222222222,0,NNE,0,0.4,NNE,5.444444444,5.444444444,5.444444444,1038.1,0,0,0.483,0,17.16666667,62,49.7,62,11.45,0.0769,666,3,100,30
1/21/2022,7:30 PM,4.722222222,5.444444444,4.722222222,93,3.666666667,0,NNE,0,0.4,NNE,4.722222222,4.722222222,4.722222222,1038,0,0,0.51,0,17,63,49.8,61.8,11.65,0.0769,662,3,100,30
1/21/2022,8:00 PM,4.166666667,4.722222222,4.166666667,94,3.277777778,0,---,0,0,---,4.166666667,4.166666667,4.166666667,1037.9,0,0,0.531,0,17.38888889,69,53,63,13.02,0.0767,663,3,100,30
1/21/2022,8:30 PM,4.055555556,4.166666667,4.055555556,95,3.333333333,0,NNE,0,0.4,NNE,4.055555556,4.055555556,4.055555556,1037.6,0,0,0.535,0,17.61111111,69,53.3,63.4,13.02,0.0766,663,3,100,30
1/21/2022,9:00 PM,3.611111111,4.055555556,3.555555556,95,2.888888889,0,NNE,0,0.4,NNE,3.611111111,3.611111111,3.611111111,1037.5,0,0,0.552,0,17.83333333,68,53.3,63.8,12.75,0.0765,668,3,100,30
1/21/2022,9:30 PM,3.888888889,3.944444444,3.611111111,96,3.333333333,0,NNE,0,0.4,NNE,3.888888889,3.888888889,3.888888889,1037.3,0,0,0.542,0,17.77777778,65,52,63.5,11.97,0.0766,665,3,100,30
1/21/2022,10:00 PM,3.611111111,3.888888889,3.555555556,96,3.055555556,0,NNE,0,0.4,NNE,3.611111111,3.611111111,3.611111111,1037.2,0,0,0.552,0,17.72222222,63,51.1,63.2,11.65,0.0766,665,3,100,30
1/21/2022,10:30 PM,3.666666667,3.666666667,3.555555556,96,3.111111111,0,NNE,0,0.4,NNE,3.666666667,3.666666667,3.666666667,1037.2,0,0,0.55,0,17.66666667,62,50.5,63,11.45,0.0767,667,3,100,30
1/21/2022,11:00 PM,3.777777778,3.777777778,3.611111111,97,3.333333333,0,NNE,0,0.4,NNE,3.777777778,3.833333333,3.833333333,1037.4,0,0,0.546,0,17.5,62,50.2,62.7,11.45,0.0767,667,3,100,30
1/21/2022,11:30 PM,3.722222222,3.777777778,3.666666667,97,3.277777778,0,NNE,0,0.4,NNE,3.722222222,3.777777778,3.777777778,1037.4,0,0,0.548,0,17.38888889,61,49.6,62.4,11.25,0.0768,666,3,100,30
1/22/2022,12:00 AM,3.444444444,3.722222222,3.444444444,96,2.888888889,0,NNE,0,0.4,NNE,3.444444444,3.444444444,3.444444444,1037.2,0,0,0.558,0,17.16666667,60,48.8,61.8,11.09,0.0769,664,3,100,30
1/22/2022,12:30 AM,2.944444444,3.444444444,2.944444444,96,2.388888889,0,NNE,0,0.4,NNE,2.944444444,2.944444444,2.944444444,1037.2,0,0,0.577,0,17.11111111,60,48.7,61.7,11.09,0.0769,663,3,100,30
1/22/2022,1:00 AM,2.388888889,3,2.388888889,96,1.833333333,0,---,0,0,---,2.388888889,2.388888889,2.388888889,1037,0,0,0.598,0,17,60,48.5,61.5,11.1,0.0769,664,3,100,30
1/22/2022,1:30 AM,2.055555556,2.388888889,2,96,1.5,0,NNE,0,0.4,NNE,2.055555556,2.055555556,2.055555556,1037,0,0,0.61,0,16.94444444,60,48.4,61.3,11.1,0.0769,666,3,100,30
1/22/2022,2:00 AM,1.833333333,2.055555556,1.777777778,97,1.388888889,0,NNE,0,0.4,NNE,1.833333333,1.833333333,1.833333333,1037.2,0,0,0.619,0,17.11111111,59,48.3,61.6,10.95,0.0769,666,3,100,30
1/22/2022,2:30 AM,3.222222222,3.222222222,1.833333333,97,2.777777778,0,N,0,0.9,N,3.222222222,3.222222222,3.222222222,1037.3,0,0,0.567,0,17,59,48.1,61.4,10.95,0.0769,663,3,100,30
1/22/2022,3:00 AM,3.888888889,3.888888889,3.222222222,98,3.611111111,0,WSW,0,0.9,WSW,3.888888889,3.944444444,3.944444444,1037.2,0,0,0.542,0,17,58,47.6,61.3,10.75,0.0769,666,3,100,30
1/22/2022,3:30 AM,4.166666667,4.166666667,3.888888889,98,3.888888889,0,W,0,0.9,WSW,4.166666667,4.222222222,4.222222222,1036.9,0,0,0.531,0,17,58,47.6,61.3,10.75,0.0769,666,3,100,30
1/22/2022,4:00 AM,4.222222222,4.222222222,4.166666667,97,3.777777778,0,WNW,0,0.9,WNW,4.222222222,4.277777778,4.277777778,1036.7,0,0,0.529,0,17.11111111,58,47.8,61.6,10.75,0.0769,667,3,100,30
1/22/2022,4:30 AM,4,4.222222222,4,97,3.555555556,0,NW,0,0.9,NW,4,4.055555556,4.055555556,1036.6,0,0,0.537,0,17,57,47.1,61.3,10.6,0.0769,667,3,100,30
1/22/2022,5:00 AM,3.833333333,4,3.833333333,97,3.388888889,0,NNW,0,0.4,NNW,3.833333333,3.888888889,3.888888889,1036.7,0,0,0.544,0,17.05555556,57,47.2,61.4,10.6,0.0769,665,3,100,30
1/22/2022,5:30 AM,3.777777778,3.833333333,3.777777778,97,3.333333333,0,NNW,0,0.4,NNW,3.777777778,3.833333333,3.833333333,1036.5,0,0,0.546,0,16.94444444,57,47.1,61.2,10.6,0.0769,667,3,100,30
1/22/2022,6:00 AM,3.666666667,3.833333333,3.666666667,97,3.222222222,0,NNW,0,0.9,NNW,3.666666667,3.722222222,3.722222222,1036.3,0,0,0.55,0,17,56,46.7,61.2,10.45,0.0769,668,3,100,30
1/22/2022,6:30 AM,3.333333333,3.666666667,3.333333333,96,2.777777778,0,N,0,1.3,ENE,3.333333333,3.333333333,3.333333333,1036.1,0,0,0.563,0,17.05555556,56,46.8,61.3,10.45,0.0769,666,3,100,30
1/22/2022,7:00 AM,2.944444444,3.333333333,2.944444444,96,2.388888889,0,E,0,1.3,SSE,2.944444444,2.944444444,2.944444444,1036.2,0,0,0.577,0,17,55,46.2,61.2,10.25,0.0769,668,3,100,30
1/22/2022,7:30 AM,2.611111111,2.944444444,2.611111111,96,2.055555556,0,ESE,0,1.3,N,2.611111111,2.611111111,2.611111111,1036.1,0,0,0.59,0,17.16666667,54,46,61.4,10.15,0.0769,661,3,100,30
1/22/2022,8:00 AM,2.666666667,2.666666667,2.611111111,97,2.222222222,0,NNE,0,0.9,NNE,2.666666667,2.666666667,2.666666667,1035.7,0,0,0.588,0,17.11111111,53,45.4,61.2,9.95,0.0769,669,3,100,30
1/22/2022,8:30 AM,2.833333333,2.833333333,2.666666667,97,2.388888889,0,---,0,0,---,2.833333333,2.833333333,2.833333333,1035.7,0,0,0.581,0,17.33333333,53,45.8,61.6,9.95,0.0768,669,3,100,30
1/22/2022,9:00 AM,2.833333333,2.833333333,2.833333333,97,2.388888889,0,NW,0,0.9,NW,2.833333333,2.833333333,2.833333333,1035.9,0,0,0.581,0,17.22222222,52,45.1,61.3,9.75,0.0769,667,3,100,30
1/22/2022,9:30 AM,3.166666667,3.166666667,2.777777778,97,2.722222222,0,NW,0,1.3,E,3.166666667,3.166666667,3.166666667,1035.7,0,0,0.569,0,17.38888889,52,45.4,61.6,9.75,0.0768,661,3,100,30
1/22/2022,10:00 AM,3.444444444,3.444444444,3.166666667,96,2.888888889,0,E,0,1.3,ESE,3.444444444,3.444444444,3.444444444,1035.7,0,0,0.558,0,17.27777778,51,44.7,61.3,9.59,0.0768,667,3,100,30
1/22/2022,10:30 AM,4.111111111,4.111111111,3.444444444,96,3.555555556,0,E,0,1.3,NNE,4.111111111,4.166666667,4.166666667,1035.6,0,0,0.533,0,17.33333333,51,44.8,61.4,9.59,0.0768,667,3,100,30
1/22/2022,11:00 AM,5.333333333,5.333333333,4.111111111,92,4.111111111,0.4,E,0.8,1.8,E,5.333333333,5.333333333,5.333333333,1035.9,0,0,0.488,0,17.44444444,51,44.9,61.6,9.58,0.0768,665,3,100,30
1/22/2022,11:30 AM,6.666666667,6.666666667,5.388888889,86,4.5,0.4,NE,0.8,1.8,N,6.666666667,6.611111111,6.611111111,1035.3,0,0,0.438,0,17.44444444,52,45.5,61.7,9.75,0.0767,667,3,100,30
1/22/2022,12:00 PM,6.555555556,6.944444444,6.555555556,86,4.388888889,0.4,NNE,0.8,1.8,E,6.555555556,6.5,6.5,1034.9,0,0,0.442,0,17.33333333,52,45.3,61.5,9.75,0.0768,667,3,100,30
1/22/2022,12:30 PM,7.333333333,7.333333333,6.555555556,85,5,0.4,ESE,0.8,2.2,S,7.333333333,7.277777778,7.277777778,1034.5,0,0,0.412,0,17.44444444,52,45.5,61.7,9.75,0.0767,668,3,100,30
1/22/2022,1:00 PM,7.388888889,7.555555556,7.333333333,84,4.833333333,0.4,ESE,0.8,2.7,S,7.388888889,7.333333333,7.333333333,1034.6,0,0,0.41,0,17.55555556,51,45.1,61.9,9.58,0.0767,665,3,100,30
1/22/2022,1:30 PM,7.166666667,7.444444444,7.166666667,84,4.666666667,0.4,SSE,0.8,2.2,S,7.166666667,7.111111111,7.111111111,1034.4,0,0,0.419,0,18.61111111,51,46.9,63.9,9.54,0.0763,667,3,100,30
1/22/2022,2:00 PM,7.888888889,7.888888889,7.166666667,81,4.833333333,0.4,S,0.8,1.3,S,7.888888889,7.777777778,7.777777778,1034,0,0,0.392,0,18.72222222,51,47.1,64.2,9.54,0.0763,668,3,100,30
1/22/2022,2:30 PM,8.5,8.5,7.833333333,76,4.5,0,NE,0,1.3,NE,8.5,8.333333333,8.333333333,1034,0,0,0.369,0,18.5,51,46.7,63.7,9.54,0.0763,668,3,100,30
1/22/2022,3:00 PM,8.555555556,8.777777778,8.5,77,4.777777778,0,SW,0,1.3,S,8.555555556,8.444444444,8.444444444,1034.2,0,0,0.367,0,18.61111111,51,46.9,63.9,9.54,0.0763,669,3,100,30
1/22/2022,3:30 PM,8,8.555555556,7.944444444,77,4.222222222,0,SE,0,1.3,SE,8,7.833333333,7.833333333,1034,0,0,0.387,0,18.55555556,52,47.3,63.9,9.74,0.0763,666,3,100,30
1/22/2022,4:00 PM,7.777777778,8,7.777777778,79,4.388888889,0,SE,0,1.3,SSE,7.777777778,7.666666667,7.666666667,1033.9,0,0,0.396,0,18.5,52,47.2,63.8,9.74,0.0763,665,3,100,30
1/22/2022,4:30 PM,7.166666667,7.777777778,7.166666667,81,4.111111111,0,NE,0,0.9,NE,7.166666667,7.055555556,7.055555556,1033.3,0,0,0.419,0,18.44444444,52,47.1,63.7,9.75,0.0763,668,3,100,30
1/22/2022,5:00 PM,6.666666667,7.166666667,6.666666667,83,4,0,NNE,0,0.9,NNE,6.666666667,6.611111111,6.611111111,1033.3,0,0,0.438,0,18.44444444,52,47.1,63.7,9.75,0.0763,669,3,100,30
1/22/2022,5:30 PM,5.777777778,6.666666667,5.777777778,86,3.611111111,0,NNE,0,0.9,NNE,5.777777778,5.722222222,5.722222222,1033.1,0,0,0.471,0,18.44444444,52,47.1,63.7,9.75,0.0763,660,3,100,30
1/22/2022,6:00 PM,4.888888889,5.777777778,4.888888889,89,3.222222222,0,NNE,0,0.4,NNE,4.888888889,4.833333333,4.833333333,1033.1,0,0,0.504,0,18.27777778,52,46.8,63.4,9.75,0.0763,668,3,100,30
1/22/2022,6:30 PM,4.444444444,4.888888889,4.444444444,90,2.944444444,0,NNE,0,0.9,NNE,4.444444444,4.388888889,4.388888889,1032.9,0,0,0.521,0,18.11111111,53,47.1,63.2,9.95,0.0763,667,3,100,30
1/22/2022,7:00 PM,4,4.444444444,4,92,2.833333333,0,NNE,0,0.4,NNE,4,3.944444444,3.944444444,1032.7,0,0,0.537,0,18.16666667,53,47.2,63.3,9.95,0.0763,667,3,100,30
1/22/2022,7:30 PM,3.777777778,4,3.777777778,93,2.722222222,0,---,0,0,---,3.777777778,3.777777778,3.777777778,1032.5,0,0,0.546,0,17.88888889,53,46.7,62.7,9.95,0.0764,667,3,100,30
1/22/2022,8:00 PM,3.944444444,3.944444444,3.722222222,94,3.055555556,0,NNE,0,0.4,NNE,3.944444444,3.944444444,3.944444444,1032.5,0,0,0.54,0,17.44444444,53,46,61.8,9.95,0.0765,667,3,100,30
1/22/2022,8:30 PM,3.833333333,4,3.833333333,94,2.944444444,0,NNE,0,0.4,NNE,3.833333333,3.833333333,3.833333333,1032.3,0,0,0.544,0,17.05555556,54,45.8,61.2,10.15,0.0766,664,3,100,30
1/22/2022,9:00 PM,3.333333333,3.833333333,3.333333333,93,2.333333333,0,---,0,0,---,3.333333333,3.333333333,3.333333333,1032.1,0,0,0.563,0,16.77777778,55,45.8,60.7,10.25,0.0767,666,3,100,30
1/22/2022,9:30 PM,3,3.388888889,3,95,2.277777778,0,---,0,0,---,3,3,3,1032.2,0,0,0.575,0,16.61111111,56,46,60.5,10.45,0.0767,666,3,100,30
1/22/2022,10:00 PM,2.833333333,3,2.777777778,95,2.111111111,0,---,0,0,---,2.833333333,2.833333333,2.833333333,1032.1,0,0,0.581,0,16.55555556,56,45.9,60.3,10.45,0.0767,667,3,100,30
1/22/2022,10:30 PM,2.722222222,2.833333333,2.5,96,2.166666667,0,---,0,0,---,2.722222222,2.722222222,2.722222222,1032.2,0,0,0.585,0,16.5,56,45.8,60.2,10.45,0.0768,669,3,100,30
1/22/2022,11:00 PM,3.722222222,3.722222222,2.722222222,97,3.277777778,0,N,0,1.3,NNW,3.722222222,3.777777778,3.777777778,1032.4,0,0,0.548,0,16.77777778,55,45.8,60.7,10.25,0.0767,662,3,100,30
1/22/2022,11:30 PM,4.055555556,4.055555556,3.722222222,97,3.611111111,0,ESE,0,0.9,NNE,4.055555556,4.111111111,4.111111111,1032.4,0,0,0.535,0,16.88888889,55,46,60.9,10.25,0.0767,663,3,100,30
1/23/2022,12:00 AM,4.166666667,4.166666667,4.055555556,97,3.722222222,0,ESE,0,0.9,ESE,4.166666667,4.222222222,4.222222222,1032.2,0,0,0.531,0,16.83333333,55,45.9,60.8,10.25,0.0767,667,3,100,30
1/23/2022,12:30 AM,4.166666667,4.166666667,4.166666667,97,3.722222222,0,ESE,0,0.4,ESE,4.166666667,4.222222222,4.222222222,1032,0,0,0.531,0,16.94444444,55,46.1,61,10.25,0.0766,663,3,100,30
1/23/2022,1:00 AM,4.166666667,4.166666667,4.111111111,97,3.722222222,0,ESE,0,0.9,ESE,4.166666667,4.222222222,4.222222222,1031.9,0,0,0.531,0,16.83333333,55,45.9,60.8,10.25,0.0766,669,3,100,30
1/23/2022,1:30 AM,4.111111111,4.166666667,4.111111111,97,3.666666667,0,ESE,0,0.4,ESE,4.111111111,4.166666667,4.166666667,1032,0,0,0.533,0,16.94444444,55,46.1,61,10.25,0.0766,666,3,100,30
1/23/2022,2:00 AM,4.222222222,4.222222222,4.111111111,97,3.777777778,0,ESE,0,0.4,ESE,4.222222222,4.277777778,4.277777778,1031.9,0,0,0.529,0,16.83333333,55,45.9,60.8,10.25,0.0766,664,3,100,30
1/23/2022,2:30 AM,4.277777778,4.277777778,4.222222222,96,3.722222222,0,ESE,0,0.9,ESE,4.277777778,4.333333333,4.333333333,1031.7,0,0,0.527,0,16.88888889,55,46,60.9,10.25,0.0766,664,3,100,30
1/23/2022,3:00 AM,4.333333333,4.333333333,4.277777778,96,3.777777778,0,ENE,0,0.9,ENE,4.333333333,4.388888889,4.388888889,1031.5,0,0,0.525,0,16.88888889,55,46,60.9,10.25,0.0766,669,3,100,30
1/23/2022,3:30 AM,4.277777778,4.333333333,4.277777778,96,3.722222222,0,NW,0,0.4,NW,4.277777778,4.333333333,4.333333333,1031.5,0,0,0.527,0,16.94444444,55,46.1,61,10.25,0.0766,665,3,100,30
1/23/2022,4:00 AM,4.111111111,4.277777778,4.111111111,96,3.555555556,0,---,0,0,---,4.111111111,4.166666667,4.166666667,1031.5,0,0,0.533,0,16.83333333,55,45.9,60.8,10.25,0.0766,668,3,100,30
1/23/2022,4:30 AM,3.944444444,4.111111111,3.944444444,96,3.388888889,0,NW,0,0.4,NW,3.944444444,3.944444444,3.944444444,1031.4,0,0,0.54,0,16.94444444,55,46.1,61,10.25,0.0766,667,3,100,30
1/23/2022,5:00 AM,3.888888889,3.944444444,3.888888889,96,3.333333333,0,NNW,0,0.4,NNW,3.888888889,3.888888889,3.888888889,1031.1,0,0,0.542,0,16.83333333,54,45.4,60.7,10.15,0.0766,665,3,100,30
1/23/2022,5:30 AM,3.777777778,3.888888889,3.777777778,96,3.222222222,0,NNW,0,0.9,NNW,3.777777778,3.777777778,3.777777778,1030.9,0,0,0.546,0,16.94444444,54,45.6,61,10.15,0.0765,665,3,100,30
1/23/2022,6:00 AM,3.611111111,3.777777778,3.611111111,96,3.055555556,0,NE,0,1.3,NE,3.611111111,3.611111111,3.611111111,1030.9,0,0,0.552,0,16.83333333,54,45.4,60.7,10.15,0.0766,661,3,100,30
1/23/2022,6:30 AM,3.388888889,3.611111111,3.388888889,96,2.833333333,0,ENE,0,0.9,NE,3.388888889,3.388888889,3.388888889,1030.7,0,0,0.56,0,16.94444444,54,45.6,61,10.15,0.0765,667,3,100,30
1/23/2022,7:00 AM,3.333333333,3.388888889,3.333333333,97,2.888888889,0,ENE,0,0.4,ENE,3.333333333,3.333333333,3.333333333,1030.8,0,0,0.563,0,16.88888889,54,45.5,60.9,10.15,0.0766,666,3,100,30
1/23/2022,7:30 AM,3.166666667,3.333333333,3.166666667,97,2.722222222,0,NNE,0,0.9,NNE,3.166666667,3.166666667,3.166666667,1030.7,0,0,0.569,0,16.88888889,54,45.5,60.9,10.15,0.0765,664,3,100,30
1/23/2022,8:00 AM,3.055555556,3.166666667,3.055555556,97,2.611111111,0,NE,0,0.9,NE,3.055555556,3.055555556,3.055555556,1031,0,0,0.573,0,16.77777778,54,45.3,60.6,10.15,0.0766,666,3,100,30
1/23/2022,8:30 AM,3.166666667,3.166666667,3,97,2.722222222,0,NE,0,0.9,NE,3.166666667,3.166666667,3.166666667,1031.3,0,0,0.569,0,16.88888889,54,45.5,60.9,10.15,0.0766,665,3,100,30
1/23/2022,9:00 AM,3.222222222,3.222222222,3.111111111,97,2.777777778,0,NE,0,0.9,NE,3.222222222,3.222222222,3.222222222,1031,0,0,0.567,0,16.83333333,54,45.4,60.7,10.15,0.0766,666,3,100,30
1/23/2022,9:30 AM,3.388888889,3.388888889,3.222222222,97,2.944444444,0,NE,0,0.9,NE,3.388888889,3.388888889,3.388888889,1031,0,0,0.56,0,16.88888889,54,45.5,60.9,10.15,0.0766,666,3,100,30
1/23/2022,10:00 AM,3.444444444,3.444444444,3.388888889,97,3,0,NE,0,0.9,NE,3.444444444,3.444444444,3.444444444,1030.9,0,0,0.558,0,16.77777778,55,45.8,60.7,10.25,0.0766,666,3,100,30
1/23/2022,10:30 AM,3.722222222,3.722222222,3.444444444,97,3.277777778,0,NE,0,0.9,NE,3.722222222,3.777777778,3.777777778,1030.6,0,0,0.548,0,16.88888889,55,46,60.9,10.25,0.0765,664,3,100,30
1/23/2022,11:00 AM,4,4,3.722222222,97,3.555555556,0,NE,0,0.9,NE,4,4.055555556,4.055555556,1030.4,0,0,0.537,0,16.94444444,56,46.6,61.1,10.45,0.0765,667,3,100,30
1/23/2022,11:30 AM,4.166666667,4.166666667,4,96,3.611111111,0,NE,0,0.9,NE,4.166666667,4.222222222,4.222222222,1030.3,0,0,0.531,0,17,54,45.7,61.1,10.15,0.0765,666,3,100,30
1/23/2022,12:00 PM,4.277777778,4.277777778,4.111111111,95,3.555555556,0,NE,0,0.9,WNW,4.277777778,4.333333333,4.333333333,1030,0,0,0.527,0,17.27777778,52,45.2,61.4,9.75,0.0764,669,3,100,30
1/23/2022,12:30 PM,4.666666667,4.666666667,4.222222222,94,3.777777778,0.4,ESE,0.8,1.3,ESE,4.666666667,4.722222222,4.722222222,1029.2,0,0,0.512,0,17.72222222,52,45.9,62.3,9.75,0.0762,663,3,100,30
1/23/2022,1:00 PM,5.111111111,5.111111111,4.666666667,92,3.944444444,0.4,E,0.8,1.3,SE,5.111111111,5.111111111,5.111111111,1028.9,0,0,0.496,0,17.88888889,52,46.2,62.6,9.75,0.0761,666,3,100,30
1/23/2022,1:30 PM,5.277777778,5.333333333,5.111111111,91,3.944444444,0,NNE,0,1.3,SSE,5.277777778,5.277777778,5.277777778,1028.2,0,0,0.49,0,18.05555556,51,46,62.8,9.56,0.076,665,3,100,30
1/23/2022,2:00 PM,5.222222222,5.277777778,5.222222222,90,3.722222222,0,ESE,0,0.9,E,5.222222222,5.166666667,5.166666667,1028.4,0,0,0.492,0,18.16666667,54,47.7,63.4,10.15,0.076,666,3,100,30
1/23/2022,2:30 PM,5.277777778,5.277777778,5.166666667,90,3.777777778,0.4,NNE,0.8,1.3,NNE,5.277777778,5.277777778,5.277777778,1028.2,0,0,0.49,0,18.22222222,57,49.2,63.7,10.65,0.0759,666,3,100,30
1/23/2022,3:00 PM,5.277777778,5.388888889,5.222222222,90,3.777777778,0,NW,0,1.3,NNW,5.277777778,5.277777778,5.277777778,1028.2,0,0,0.49,0,18.22222222,54,47.8,63.5,10.15,0.0759,666,3,100,30
1/23/2022,3:30 PM,5.055555556,5.333333333,5.055555556,92,3.888888889,0.4,NNW,0.8,1.3,N,5.055555556,5.055555556,5.055555556,1028.3,0,0,0.498,0,18.22222222,54,47.8,63.5,10.15,0.0759,656,3,100,30
1/23/2022,4:00 PM,4.944444444,5.111111111,4.944444444,92,3.777777778,0,W,0,0.4,NNW,4.944444444,4.944444444,4.944444444,1028.1,0,0,0.502,0,18.05555556,53,47,63,9.95,0.076,662,3,100,30
1/23/2022,4:30 PM,4.777777778,4.944444444,4.777777778,92,3.611111111,0,WSW,0,0.9,WSW,4.777777778,4.777777778,4.777777778,1028.2,0,0,0.508,0,17.94444444,53,46.8,62.8,9.95,0.076,664,3,100,30
1/23/2022,5:00 PM,4.222222222,4.777777778,4.222222222,92,3.055555556,0.4,NW,0.8,1.3,NW,4.222222222,4.222222222,4.222222222,1028.3,0,0,0.529,0,18,53,46.9,62.9,9.95,0.076,662,3,100,30
1/23/2022,5:30 PM,3.944444444,4.222222222,3.944444444,93,2.888888889,0,WNW,0,0.9,WNW,3.944444444,3.944444444,3.944444444,1028.4,0,0,0.54,0,18.05555556,56,48.4,63.3,10.45,0.076,664,3,100,30
1/23/2022,6:00 PM,3.777777778,3.944444444,3.777777778,94,2.888888889,0,NNW,0,0.9,NNW,3.777777778,3.777777778,3.777777778,1028.3,0,0,0.546,0,18.22222222,58,49.7,63.8,10.75,0.0759,669,3,100,30
1/23/2022,6:30 PM,3.555555556,3.777777778,3.555555556,94,2.666666667,0,NNW,0,1.3,NE,3.555555556,3.555555556,3.555555556,1028.4,0,0,0.554,0,18.11111111,56,48.5,63.4,10.45,0.076,667,3,100,30
1/23/2022,7:00 PM,3.333333333,3.555555556,3.333333333,95,2.611111111,0,E,0,0.9,E,3.333333333,3.333333333,3.333333333,1028,0,0,0.563,0,18,56,48.4,63.2,10.45,0.076,669,3,100,30
1/23/2022,7:30 PM,3.277777778,3.333333333,3.222222222,95,2.555555556,0,E,0,0.9,E,3.277777778,3.277777778,3.277777778,1028.3,0,0,0.565,0,17.72222222,54,46.9,62.5,10.15,0.0761,664,3,100,30
1/23/2022,8:00 PM,3.222222222,3.277777778,3.222222222,95,2.5,0,NW,0,0.9,WSW,3.222222222,3.222222222,3.222222222,1028.2,0,0,0.567,0,17.83333333,51,45.6,62.4,9.57,0.0761,666,3,100,30
1/23/2022,8:30 PM,3.111111111,3.277777778,3.111111111,95,2.388888889,0,NW,0,0.9,NW,3.111111111,3.111111111,3.111111111,1028.1,0,0,0.571,0,17.77777778,50,45,62.2,9.37,0.0761,666,3,100,30
1/23/2022,9:00 PM,3.055555556,3.111111111,3.055555556,96,2.5,0,ESE,0,1.3,E,3.055555556,3.055555556,3.055555556,1028,0,0,0.573,0,17.94444444,50,45.3,62.5,9.36,0.0761,665,3,100,30
1/23/2022,9:30 PM,3.111111111,3.111111111,3.055555556,96,2.555555556,0,E,0,0.9,E,3.111111111,3.111111111,3.111111111,1028,0,0,0.571,0,17.88888889,50,45.2,62.4,9.37,0.0761,668,3,100,30
1/23/2022,10:00 PM,3.277777778,3.277777778,3.111111111,96,2.722222222,0,E,0,0.9,E,3.277777778,3.277777778,3.277777778,1027.7,0,0,0.565,0,18,51,45.9,62.7,9.56,0.076,666,3,100,30
1/23/2022,10:30 PM,3.388888889,3.388888889,3.222222222,96,2.833333333,0,SSE,0,1.3,SSE,3.388888889,3.388888889,3.388888889,1027.8,0,0,0.56,0,17.83333333,51,45.6,62.4,9.57,0.0761,663,3,100,30
1/23/2022,11:00 PM,3.333333333,3.444444444,3.333333333,96,2.777777778,0,SE,0,1.3,SSE,3.333333333,3.333333333,3.333333333,1027.8,0,0,0.563,0,17.66666667,52,45.8,62.2,9.75,0.0761,668,3,100,30
1/23/2022,11:30 PM,3.222222222,3.333333333,3.222222222,96,2.666666667,0,S,0,1.3,SSE,3.222222222,3.222222222,3.222222222,1027.4,0,0,0.567,0,17.66666667,52,45.8,62.2,9.75,0.0761,661,3,100,30
1/24/2022,12:00 AM,3.166666667,3.277777778,3.166666667,96,2.611111111,0,SSE,0,1.3,SSE,3.166666667,3.166666667,3.166666667,1027.4,0,0,0.569,0,17.55555556,52,45.6,62,9.75,0.0761,667,3,100,30
1/24/2022,12:30 AM,3.111111111,3.166666667,3.055555556,97,2.666666667,0,SSE,0,1.3,SSE,3.111111111,3.111111111,3.111111111,1027.2,0,0,0.571,0,17.38888889,53,45.9,61.7,9.95,0.0761,659,3,100,30
1/24/2022,1:00 AM,3.055555556,3.111111111,3.055555556,97,2.611111111,0,SSE,0,1.3,SE,3.055555556,3.055555556,3.055555556,1027.3,0,0,0.573,0,17.5,53,46.1,61.9,9.95,0.0761,666,3,100,30
1/24/2022,1:30 AM,3.111111111,3.111111111,3.055555556,97,2.666666667,0,SE,0,0.4,SE,3.111111111,3.111111111,3.111111111,1027.2,0,0,0.571,0,17.38888889,53,45.9,61.7,9.95,0.0761,662,3,100,30
1/24/2022,2:00 AM,3.166666667,3.166666667,3.055555556,97,2.722222222,0,---,0,0,---,3.166666667,3.166666667,3.166666667,1026.8,0,0,0.569,0,17.27777778,53,45.7,61.5,9.95,0.0761,668,3,100,30
1/24/2022,2:30 AM,3.166666667,3.166666667,3.166666667,97,2.722222222,0,SE,0,0.4,SE,3.166666667,3.166666667,3.166666667,1026.6,0,0,0.569,0,17.38888889,52,45.4,61.6,9.75,0.0761,668,3,100,30
1/24/2022,3:00 AM,3.166666667,3.166666667,3.166666667,97,2.722222222,0,SE,0,1.3,N,3.166666667,3.166666667,3.166666667,1027,0,0,0.569,0,17.22222222,52,45.1,61.3,9.75,0.0762,668,3,100,30
1/24/2022,3:30 AM,3.166666667,3.166666667,3.166666667,97,2.722222222,0,ENE,0,0.9,E,3.166666667,3.166666667,3.166666667,1026.4,0,0,0.569,0,17.38888889,52,45.4,61.6,9.75,0.0761,664,3,100,30
1/24/2022,4:00 AM,3.222222222,3.222222222,3.166666667,97,2.777777778,0,ENE,0,0.9,ENE,3.222222222,3.222222222,3.222222222,1026.5,0,0,0.567,0,17.27777778,52,45.2,61.4,9.75,0.0761,665,3,100,30
1/24/2022,4:30 AM,3.166666667,3.222222222,3.111111111,97,2.722222222,0,ENE,0,0.4,ENE,3.166666667,3.166666667,3.166666667,1026.6,0,0,0.569,0,17.33333333,52,45.3,61.5,9.75,0.0761,663,3,100,30
1/24/2022,5:00 AM,3.222222222,3.222222222,3.111111111,97,2.777777778,0,ENE,0,0.9,ENE,3.222222222,3.222222222,3.222222222,1025.5,0,0,0.567,0,17.22222222,52,45.1,61.3,9.75,0.0761,664,3,100,30
1/24/2022,5:30 AM,3.277777778,3.277777778,3.166666667,97,2.833333333,0,ENE,0,0.9,ENE,3.277777778,3.277777778,3.277777778,1026.1,0,0,0.565,0,17.27777778,52,45.2,61.4,9.75,0.0761,667,3,100,30
1/24/2022,6:00 AM,3.333333333,3.388888889,3.277777778,97,2.888888889,0,ENE,0,0.9,ENE,3.333333333,3.333333333,3.333333333,1025.7,0,0,0.563,0,17.22222222,52,45.1,61.3,9.75,0.0761,662,3,100,30
1/24/2022,6:30 AM,3.444444444,3.444444444,3.333333333,97,3,0,ENE,0,0.4,ENE,3.444444444,3.444444444,3.444444444,1025.9,0,0,0.558,0,17.27777778,52,45.2,61.4,9.75,0.0761,666,3,100,30
1/24/2022,7:00 AM,3.5,3.5,3.444444444,97,3.055555556,0,ENE,0,0.4,ENE,3.5,3.555555556,3.555555556,1025.4,0,0,0.556,0,17.22222222,52,45.1,61.3,9.75,0.0761,665,3,100,30
1/24/2022,7:30 AM,3.611111111,3.611111111,3.5,97,3.166666667,0,ENE,0,0.4,ENE,3.611111111,3.666666667,3.666666667,1025.5,0,0,0.552,0,17.22222222,52,45.1,61.3,9.75,0.0761,665,3,100,30
1/24/2022,8:00 AM,3.666666667,3.666666667,3.611111111,97,3.222222222,0,ENE,0,0.4,ENE,3.666666667,3.722222222,3.722222222,1026,0,0,0.55,0,17.22222222,52,45.1,61.3,9.75,0.0761,665,3,100,30
1/24/2022,8:30 AM,3.722222222,3.777777778,3.666666667,97,3.277777778,0,ENE,0,0.9,ENE,3.722222222,3.777777778,3.777777778,1026.2,0,0,0.548,0,17.22222222,53,45.6,61.4,9.95,0.0761,663,3,100,30
1/24/2022,9:00 AM,3.944444444,3.944444444,3.722222222,97,3.5,0,ENE,0,0.4,ENE,3.944444444,4,4,1026.8,0,0,0.54,0,17.33333333,55,46.8,61.8,10.25,0.0761,667,3,100,30
1/24/2022,9:30 AM,4.055555556,4.111111111,3.944444444,97,3.611111111,0,NNW,0,1.3,WNW,4.055555556,4.111111111,4.111111111,1026.7,0,0,0.535,0,17.33333333,53,45.8,61.6,9.95,0.0761,666,3,100,30
1/24/2022,10:00 AM,4.111111111,4.111111111,4.055555556,96,3.555555556,0,NNW,0,0.9,NNW,4.111111111,4.166666667,4.166666667,1027.4,0,0,0.533,0,17.5,52,45.6,61.8,9.75,0.0761,668,3,100,30
1/24/2022,10:30 AM,3.944444444,4.111111111,3.888888889,96,3.388888889,0,W,0,1.8,E,3.944444444,3.944444444,3.944444444,1027.7,0,0,0.54,0,17.33333333,52,45.3,61.5,9.75,0.0762,666,3,100,30
1/24/2022,11:00 AM,4,4,3.888888889,96,3.444444444,0,E,0,1.3,E,4,4.055555556,4.055555556,1027.6,0,0,0.537,0,17.38888889,52,45.4,61.6,9.75,0.0762,667,3,100,30
1/24/2022,11:30 AM,4.111111111,4.111111111,4,95,3.388888889,0,NNW,0,1.3,WNW,4.111111111,4.111111111,4.111111111,1027.4,0,0,0.533,0,17.27777778,51,44.7,61.3,9.59,0.0762,670,3,100,30
1/24/2022,12:00 PM,4.166666667,4.166666667,4.111111111,95,3.444444444,0,NNW,0,1.3,NNW,4.166666667,4.166666667,4.166666667,1027.1,0,0,0.531,0,17.61111111,51,45.2,62,9.58,0.0761,662,3,100,30
1/24/2022,12:30 PM,4.333333333,4.333333333,4.166666667,94,3.444444444,0,NNW,0,1.3,NNW,4.333333333,4.333333333,4.333333333,1026.9,0,0,0.525,0,17.61111111,52,45.7,62.1,9.75,0.0761,668,3,100,30
1/24/2022,1:00 PM,4.444444444,4.444444444,4.333333333,93,3.388888889,0.4,N,0.8,1.3,WNW,4.444444444,4.444444444,4.444444444,1027,0,0,0.521,0,17.66666667,52,45.8,62.2,9.75,0.0761,661,3,100,30
1/24/2022,1:30 PM,4.444444444,4.444444444,4.388888889,93,3.388888889,0.4,E,0.8,2.2,SSE,4.444444444,4.444444444,4.444444444,1027,0,0,0.521,0,17.61111111,52,45.7,62.1,9.75,0.0761,663,3,100,30
1/24/2022,2:00 PM,4.5,4.5,4.444444444,92,3.333333333,0.4,NE,0.8,1.3,WNW,4.5,4.5,4.5,1026.6,0,0,0.519,0,17.61111111,52,45.7,62.1,9.75,0.076,665,3,100,30
1/24/2022,2:30 PM,4.611111111,4.666666667,4.5,92,3.444444444,0,ESE,0,1.3,ESE,4.611111111,4.611111111,4.611111111,1026.5,0,0,0.515,0,17.61111111,51,45.2,62,9.58,0.076,664,3,100,30
1/24/2022,3:00 PM,4.666666667,4.777777778,4.611111111,91,3.333333333,0.4,SE,0.8,1.8,N,4.666666667,4.611111111,4.611111111,1026.8,0,0,0.512,0,17.55555556,51,45.1,61.9,9.58,0.0761,666,3,100,30
1/24/2022,3:30 PM,4.666666667,4.666666667,4.611111111,92,3.5,0.4,ENE,0.8,1.3,ENE,4.666666667,4.666666667,4.666666667,1026.7,0,0,0.512,0,17.66666667,51,45.3,62.1,9.57,0.0761,661,3,100,30
1/24/2022,4:00 PM,4.666666667,4.722222222,4.666666667,92,3.5,0.4,SE,0.8,1.8,SSE,4.666666667,4.666666667,4.666666667,1027,0,0,0.512,0,17.61111111,51,45.2,62,9.58,0.0761,670,3,100,30
1/24/2022,4:30 PM,4.611111111,4.666666667,4.611111111,92,3.444444444,0.4,NW,0.8,1.8,NW,4.611111111,4.611111111,4.611111111,1027,0,0,0.515,0,17.77777778,51,45.5,62.3,9.57,0.076,665,3,100,30
1/24/2022,5:00 PM,4.722222222,4.722222222,4.611111111,92,3.555555556,0.4,SE,0.8,1.8,SSE,4.722222222,4.722222222,4.722222222,1026.9,0,0,0.51,0,17.61111111,51,45.2,62,9.58,0.0761,665,3,100,30
1/24/2022,5:30 PM,4.611111111,4.666666667,4.611111111,91,3.277777778,0.4,SE,0.8,1.3,NW,4.611111111,4.555555556,4.555555556,1027.3,0,0,0.515,0,17.72222222,51,45.4,62.2,9.57,0.0761,667,3,100,30
1/24/2022,6:00 PM,4.388888889,4.611111111,4.388888889,92,3.222222222,0.4,NNW,0.8,1.3,NNW,4.388888889,4.388888889,4.388888889,1027.3,0,0,0.523,0,17.61111111,51,45.2,62,9.58,0.0761,669,3,100,30
1/24/2022,6:30 PM,4.166666667,4.388888889,4.166666667,93,3.111111111,0.4,E,0.8,1.8,SE,4.166666667,4.166666667,4.166666667,1027.4,0,0,0.531,0,17.33333333,51,44.8,61.4,9.59,0.0762,665,3,100,30
1/24/2022,7:00 PM,4.111111111,4.166666667,4.111111111,93,3.055555556,0,ENE,0,1.3,NE,4.111111111,4.111111111,4.111111111,1027.4,0,0,0.533,0,17.38888889,51,44.9,61.5,9.58,0.0762,664,3,100,30
1/24/2022,7:30 PM,4.111111111,4.111111111,4.055555556,93,3.055555556,0,N,0,0.9,NE,4.111111111,4.111111111,4.111111111,1027.5,0,0,0.533,0,17.38888889,51,44.9,61.5,9.58,0.0762,667,3,100,30
1/24/2022,8:00 PM,4.111111111,4.166666667,4.055555556,93,3.055555556,0,N,0,0.9,N,4.111111111,4.111111111,4.111111111,1027.5,0,0,0.533,0,17.27777778,52,45.2,61.4,9.75,0.0762,666,3,100,30
1/24/2022,8:30 PM,4,4.111111111,4,92,2.833333333,0,NW,0,0.9,NNE,4,3.944444444,3.944444444,1027.8,0,0,0.537,0,17.5,52,45.6,61.8,9.75,0.0762,669,3,100,30
1/24/2022,9:00 PM,3.777777778,4,3.777777778,92,2.611111111,0,N,0,1.3,NW,3.777777778,3.722222222,3.722222222,1027.9,0,0,0.546,0,17.5,52,45.6,61.8,9.75,0.0762,668,3,100,30
1/24/2022,9:30 PM,3.722222222,3.777777778,3.722222222,93,2.722222222,0,W,0,0.9,W,3.722222222,3.722222222,3.722222222,1027.9,0,0,0.548,0,17.44444444,53,46,61.8,9.95,0.0762,666,3,100,30
1/24/2022,10:00 PM,3.666666667,3.722222222,3.666666667,93,2.666666667,0,N,0,0.9,NW,3.666666667,3.666666667,3.666666667,1028.1,0,0,0.55,0,17.55555556,53,46.1,62.1,9.95,0.0762,669,3,100,30
1/24/2022,10:30 PM,3.444444444,3.666666667,3.444444444,93,2.444444444,0,NW,0,1.3,NW,3.444444444,3.444444444,3.444444444,1028,0,0,0.558,0,17.55555556,53,46.1,62.1,9.95,0.0762,666,3,100,30
1/24/2022,11:00 PM,3.277777778,3.444444444,3.277777778,94,2.388888889,0,N,0,0.9,N,3.277777778,3.277777778,3.277777778,1028.1,0,0,0.565,0,17.33333333,54,46.3,61.7,10.15,0.0762,667,3,100,30
1/24/2022,11:30 PM,3.166666667,3.277777778,3.166666667,94,2.277777778,0,NNW,0,0.9,NNW,3.166666667,3.166666667,3.166666667,1028.6,0,0,0.569,0,17.27777778,54,46.2,61.6,10.15,0.0763,666,3,100,30
1/25/2022,12:00 AM,3.111111111,3.166666667,3.111111111,94,2.222222222,0,WNW,0,1.3,WNW,3.111111111,3.111111111,3.111111111,1028.6,0,0,0.571,0,17.33333333,53,45.8,61.6,9.95,0.0763,666,3,100,30
1/25/2022,12:30 AM,3.055555556,3.111111111,3.055555556,94,2.166666667,0,WNW,0,0.4,WNW,3.055555556,3.055555556,3.055555556,1028.5,0,0,0.573,0,17.33333333,52,45.3,61.5,9.75,0.0763,667,3,100,30
1/25/2022,1:00 AM,3,3.055555556,3,94,2.111111111,0,NE,0,0.9,WNW,3,3,3,1028.4,0,0,0.575,0,17.44444444,53,46,61.8,9.95,0.0762,663,3,100,30
1/25/2022,1:30 AM,3,3,2.944444444,95,2.277777778,0,NE,0,0.4,NE,3,3,3,1028.3,0,0,0.575,0,17.33333333,52,45.3,61.5,9.75,0.0763,666,3,100,30
1/25/2022,2:00 AM,3,3,2.944444444,95,2.277777778,0,---,0,0,---,3,3,3,1028.5,0,0,0.575,0,17.33333333,52,45.3,61.5,9.75,0.0763,669,3,100,30
1/25/2022,2:30 AM,3.055555556,3.055555556,3,95,2.333333333,0,NE,0,0.9,NE,3.055555556,3.055555556,3.055555556,1028.8,0,0,0.573,0,17.27777778,52,45.2,61.4,9.75,0.0763,668,3,100,30
1/25/2022,3:00 AM,2.944444444,3.055555556,2.944444444,94,2.055555556,0,NE,0,0.9,NE,2.944444444,2.944444444,2.944444444,1028.8,0,0,0.577,0,17.22222222,52,45.1,61.3,9.75,0.0763,667,3,100,30
1/25/2022,3:30 AM,2.888888889,2.944444444,2.833333333,95,2.166666667,0,NE,0,0.9,NE,2.888888889,2.888888889,2.888888889,1028.6,0,0,0.579,0,17.22222222,52,45.1,61.3,9.75,0.0763,666,3,100,30
1/25/2022,4:00 AM,2.944444444,2.944444444,2.833333333,95,2.222222222,0,NE,0,0.9,NE,2.944444444,2.944444444,2.944444444,1028.6,0,0,0.577,0,17.16666667,52,45,61.2,9.75,0.0763,665,3,100,30
1/25/2022,4:30 AM,2.944444444,3,2.888888889,95,2.222222222,0,NE,0,0.9,NE,2.944444444,2.944444444,2.944444444,1028.7,0,0,0.577,0,17.22222222,52,45.1,61.3,9.75,0.0763,668,3,100,30
1/25/2022,5:00 AM,2.944444444,3,2.944444444,94,2.055555556,0,NE,0,1.3,ESE,2.944444444,2.944444444,2.944444444,1028.4,0,0,0.577,0,17.16666667,52,45,61.2,9.75,0.0763,665,3,100,30
1/25/2022,5:30 AM,2.833333333,2.944444444,2.833333333,95,2.111111111,0,ESE,0,1.3,SE,2.833333333,2.833333333,2.833333333,1028.2,0,0,0.581,0,17.22222222,52,45.1,61.3,9.75,0.0763,657,3,100,30
1/25/2022,6:00 AM,2.666666667,2.833333333,2.666666667,95,1.944444444,0,ESE,0,0.9,ESE,2.666666667,2.666666667,2.666666667,1028.2,0,0,0.588,0,17.16666667,51,44.5,61.1,9.59,0.0763,662,3,100,30
1/25/2022,6:30 AM,2.5,2.666666667,2.5,95,1.777777778,0,E,0,0.4,E,2.5,2.5,2.5,1028.1,0,0,0.594,0,17.16666667,51,44.5,61.1,9.59,0.0763,667,3,100,30
1/25/2022,7:00 AM,2.5,2.555555556,2.5,95,1.777777778,0,E,0,0.9,E,2.5,2.5,2.5,1028.3,0,0,0.594,0,17.22222222,51,44.6,61.2,9.59,0.0763,667,3,100,30
1/25/2022,7:30 AM,2.5,2.555555556,2.5,95,1.777777778,0,---,0,0,---,2.5,2.5,2.5,1028.1,0,0,0.594,0,17.11111111,51,44.4,61,9.59,0.0763,667,3,100,30
1/25/2022,8:00 AM,2.611111111,2.611111111,2.5,95,1.888888889,0,E,0,0.9,E,2.611111111,2.611111111,2.611111111,1028,0,0,0.59,0,17.16666667,51,44.5,61.1,9.59,0.0763,663,3,100,30
1/25/2022,8:30 AM,2.722222222,2.722222222,2.611111111,95,2,0,NE,0,0.9,NE,2.722222222,2.722222222,2.722222222,1028.3,0,0,0.585,0,17.16666667,52,45,61.2,9.75,0.0763,664,3,100,30
1/25/2022,9:00 AM,2.833333333,2.888888889,2.722222222,95,2.111111111,0,ENE,0,0.9,ENE,2.833333333,2.833333333,2.833333333,1028.3,0,0,0.581,0,17.11111111,52,44.9,61.1,9.75,0.0763,664,3,100,30
1/25/2022,9:30 AM,3,3,2.833333333,94,2.111111111,0,ENE,0,0.4,ENE,3,3,3,1028.6,0,0,0.575,0,16.94444444,52,44.6,60.8,9.75,0.0764,666,3,100,30
1/25/2022,10:00 AM,3.055555556,3.055555556,3,94,2.166666667,0,ENE,0,1.3,ENE,3.055555556,3.055555556,3.055555556,1028.8,0,0,0.573,0,17,52,44.7,60.9,9.75,0.0764,669,3,100,30
1/25/2022,10:30 AM,3.444444444,3.444444444,3.055555556,94,2.555555556,0,NNE,0,0.9,ENE,3.444444444,3.444444444,3.444444444,1028.7,0,0,0.558,0,17,52,44.7,60.9,9.75,0.0764,666,3,100,30
1/25/2022,11:00 AM,4.055555556,4.055555556,3.444444444,91,2.722222222,0,NNE,0,0.9,NNE,4.055555556,4,4,1028.9,0,0,0.535,0,17.16666667,53,45.5,61.3,9.95,0.0763,665,3,100,30
1/25/2022,11:30 AM,4.444444444,4.5,4.055555556,89,2.777777778,0,N,0,1.3,N,4.444444444,4.388888889,4.388888889,1028.5,0,0,0.521,0,17.27777778,53,45.7,61.5,9.95,0.0763,664,3,100,30
1/25/2022,12:00 PM,4.777777778,4.777777778,4.444444444,88,2.944444444,0,NNW,0,0.9,N,4.777777778,4.722222222,4.722222222,1027.8,0,0,0.508,0,17.11111111,52,44.9,61.1,9.75,0.0763,666,3,100,30
1/25/2022,12:30 PM,5.166666667,5.166666667,4.777777778,86,3,0.4,NNW,0.8,1.3,NNW,5.166666667,5.055555556,5.055555556,1027.5,0,0,0.494,0,17.11111111,52,44.9,61.1,9.75,0.0763,662,3,100,30
1/25/2022,1:00 PM,5.555555556,5.555555556,5.111111111,85,3.222222222,0,S,0,0.9,S,5.555555556,5.444444444,5.444444444,1027.1,0,0,0.479,0,17.16666667,52,45,61.2,9.75,0.0762,663,3,100,30
1/25/2022,1:30 PM,5.666666667,5.722222222,5.555555556,84,3.166666667,0.4,NW,0.8,1.3,NW,5.666666667,5.555555556,5.555555556,1027,0,0,0.475,0,17.5,52,45.6,61.8,9.75,0.0761,665,3,100,30
1/25/2022,2:00 PM,5.555555556,5.666666667,5.555555556,85,3.222222222,0.4,NW,0.8,1.3,NW,5.555555556,5.444444444,5.444444444,1026.2,0,0,0.479,0,17.44444444,52,45.5,61.7,9.75,0.0761,663,3,100,30
1/25/2022,2:30 PM,5.944444444,5.944444444,5.555555556,83,3.277777778,0.4,NW,0.8,1.3,NNW,5.944444444,5.833333333,5.833333333,1026,0,0,0.465,0,17.38888889,51,44.9,61.5,9.58,0.0761,664,3,100,30
1/25/2022,3:00 PM,5.833333333,6.111111111,5.833333333,84,3.333333333,0.4,NW,0.8,1.3,N,5.833333333,5.722222222,5.722222222,1025.9,0,0,0.469,0,17.5,51,45,61.8,9.58,0.076,667,3,100,30
1/25/2022,3:30 PM,5.055555556,5.833333333,5.055555556,87,3.055555556,0.4,NW,0.8,1.8,WNW,5.055555556,4.944444444,4.944444444,1025.6,0,0,0.498,0,17.55555556,51,45.1,61.9,9.58,0.076,667,3,100,30
1/25/2022,4:00 PM,4.666666667,5.055555556,4.666666667,88,2.833333333,0,NW,0,1.8,NW,4.666666667,4.611111111,4.611111111,1025.7,0,0,0.512,0,17.5,51,45,61.8,9.58,0.076,667,3,100,30
1/25/2022,4:30 PM,4.277777778,4.666666667,4.277777778,90,2.777777778,0,NW,0,0.9,WNW,4.277777778,4.222222222,4.222222222,1025.6,0,0,0.527,0,17.61111111,52,45.7,62.1,9.75,0.076,663,3,100,30
1/25/2022,5:00 PM,3.888888889,4.277777778,3.888888889,90,2.388888889,0,NW,0,0.4,NW,3.888888889,3.833333333,3.833333333,1025.5,0,0,0.542,0,17.55555556,53,46.1,62.1,9.95,0.076,666,3,100,30
1/25/2022,5:30 PM,3.333333333,3.888888889,3.333333333,92,2.166666667,0,NW,0,0.4,NW,3.333333333,3.277777778,3.277777778,1025.4,0,0,0.563,0,17.61111111,54,46.7,62.3,10.15,0.0759,664,3,100,30
1/25/2022,6:00 PM,3.111111111,3.333333333,2.944444444,94,2.222222222,0,NW,0,0.9,NW,3.111111111,3.111111111,3.111111111,1025.3,0,0,0.571,0,17.38888889,56,47.3,62,10.45,0.076,667,3,100,30
1/25/2022,6:30 PM,3.166666667,3.277777778,3.111111111,94,2.277777778,0,S,0,0.9,S,3.166666667,3.166666667,3.166666667,1025,0,0,0.569,0,17.44444444,58,48.4,62.2,10.75,0.0759,666,3,100,30
1/25/2022,7:00 PM,2.777777778,3.166666667,2.777777778,93,1.777777778,0,NNW,0,1.3,NNW,2.777777778,2.777777778,2.777777778,1024.9,0,0,0.583,0,17.61111111,58,48.6,62.6,10.75,0.0758,663,3,100,30
1/25/2022,7:30 PM,2.388888889,2.777777778,2.388888889,94,1.5,0,NNW,0,0.4,NNW,2.388888889,2.388888889,2.388888889,1024.8,0,0,0.598,0,17.33333333,56,47.2,61.9,10.45,0.0759,663,3,100,30
1/25/2022,8:00 PM,2.055555556,2.388888889,2.055555556,94,1.166666667,0,NNW,0,0.4,NNW,2.055555556,2.055555556,2.055555556,1024.9,0,0,0.61,0,17.22222222,55,46.6,61.6,10.25,0.076,667,3,100,30
1/25/2022,8:30 PM,1.944444444,2.055555556,1.944444444,95,1.222222222,0,NNW,0,0.9,NNW,1.944444444,1.944444444,1.944444444,1025,0,0,0.615,0,17.33333333,54,46.3,61.7,10.15,0.076,665,3,100,30
1/25/2022,9:00 PM,1.888888889,2,1.888888889,95,1.166666667,0,NNW,0,0.9,NNW,1.888888889,1.888888889,1.888888889,1024.6,0,0,0.617,0,17.33333333,53,45.8,61.6,9.95,0.076,666,3,100,30
1/25/2022,9:30 PM,1.777777778,1.888888889,1.777777778,95,1.055555556,0,NNW,0,0.9,NNW,1.777777778,1.777777778,1.777777778,1025,0,0,0.621,0,17.22222222,52,45.1,61.3,9.75,0.076,670,3,100,30
1/25/2022,10:00 PM,2,2,1.777777778,95,1.277777778,0,NNW,0,0.9,NNW,2,2,2,1025.2,0,0,0.613,0,17.33333333,52,45.3,61.5,9.75,0.076,666,3,100,30
1/25/2022,10:30 PM,2.111111111,2.111111111,2,95,1.388888889,0,ENE,0,0.9,NNW,2.111111111,2.111111111,2.111111111,1025.1,0,0,0.608,0,17.27777778,52,45.2,61.4,9.75,0.076,665,3,100,30
1/25/2022,11:00 PM,2.222222222,2.222222222,2.111111111,96,1.666666667,0,ENE,0,0.4,ENE,2.222222222,2.222222222,2.222222222,1025,0,0,0.604,0,17.16666667,54,46,61.4,10.15,0.076,665,3,100,30
1/25/2022,11:30 PM,2.277777778,2.333333333,2.222222222,96,1.722222222,0,ENE,0,1.3,ENE,2.277777778,2.277777778,2.277777778,1024.6,0,0,0.602,0,17.05555556,54,45.8,61.2,10.15,0.076,663,3,100,30
1/26/2022,12:00 AM,2.111111111,2.277777778,2.111111111,96,1.555555556,0,ESE,0,0.9,SE,2.111111111,2.111111111,2.111111111,1024.8,0,0,0.608,0,17,54,45.7,61.1,10.15,0.0761,665,3,100,30
1/26/2022,12:30 AM,2,2.111111111,2,96,1.444444444,0,N,0,0.9,NNE,2,2,2,1024.8,0,0,0.613,0,17.05555556,54,45.8,61.2,10.15,0.076,666,3,100,30
1/26/2022,1:00 AM,2,2.055555556,2,96,1.444444444,0.4,WNW,0.8,1.3,W,2,2,2,1024.5,0,0,0.613,0,16.94444444,53,45.1,60.9,9.95,0.0761,664,3,100,30
1/26/2022,1:30 AM,2,2.055555556,2,96,1.444444444,0,E,0,1.3,N,2,2,2,1025.1,0,0,0.613,0,17.11111111,53,45.4,61.2,9.95,0.0761,668,3,100,30
1/26/2022,2:00 AM,2.277777778,2.333333333,2,97,1.833333333,0.4,NW,0.8,1.3,WNW,2.277777778,2.277777778,2.277777778,1025.4,0,0,0.602,0,17.05555556,52,44.8,61,9.75,0.0761,669,3,100,30
1/26/2022,2:30 AM,2.333333333,2.333333333,2.277777778,96,1.777777778,0.4,WNW,0.8,1.8,NNW,2.333333333,2.333333333,2.333333333,1025.3,0,0,0.6,0,17.16666667,52,45,61.2,9.75,0.0761,667,3,100,30
1/26/2022,3:00 AM,2.5,2.5,2.333333333,97,2.055555556,0,SE,0,0.9,NW,2.5,2.5,2.5,1025.1,0,0,0.594,0,17.16666667,52,45,61.2,9.75,0.0761,664,3,100,30
1/26/2022,3:30 AM,2.5,2.5,2.5,96,1.944444444,0,NNE,0,1.3,N,2.5,2.5,2.5,1025,0,0,0.594,0,17.16666667,52,45,61.2,9.75,0.0761,667,3,100,30
1/26/2022,4:00 AM,2.333333333,2.5,2.277777778,96,1.777777778,0.4,ESE,0.8,1.8,NW,2.333333333,2.333333333,2.333333333,1025.2,0,0,0.6,0,17.16666667,51,44.5,61.1,9.59,0.0761,668,3,100,30
1/26/2022,4:30 AM,2.166666667,2.333333333,2.111111111,96,1.611111111,0,NW,0,1.8,NW,2.166666667,2.166666667,2.166666667,1025.1,0,0,0.606,0,17.11111111,51,44.4,61,9.59,0.0761,667,3,100,30
1/26/2022,5:00 AM,2.055555556,2.166666667,2.055555556,96,1.5,0,NNW,0,0.9,NNW,2.055555556,2.055555556,2.055555556,1025.6,0,0,0.61,0,17.16666667,51,44.5,61.1,9.59,0.0761,664,3,100,30
1/26/2022,5:30 AM,2.222222222,2.222222222,2.055555556,97,1.777777778,0,ESE,0,1.3,SSE,2.222222222,2.222222222,2.222222222,1024.7,0,0,0.604,0,17.05555556,50,43.8,60.8,9.4,0.0761,664,3,100,30
1/26/2022,6:00 AM,2.222222222,2.222222222,2.166666667,97,1.777777778,0,WNW,0,0.9,WNW,2.222222222,2.222222222,2.222222222,1025.3,0,0,0.604,0,17.16666667,50,44,61,9.39,0.0761,668,3,100,30
1/26/2022,6:30 AM,2.277777778,2.333333333,2.222222222,96,1.722222222,0,NNE,0,1.3,NNE,2.277777778,2.277777778,2.277777778,1025.6,0,0,0.602,0,17.16666667,50,44,61,9.39,0.0761,664,3,100,30
1/26/2022,7:00 AM,2.111111111,2.277777778,2.055555556,96,1.555555556,0.4,ENE,0.8,1.3,E,2.111111111,2.111111111,2.111111111,1026.1,0,0,0.608,0,17.11111111,50,43.9,60.9,9.39,0.0762,661,3,100,30
1/26/2022,7:30 AM,2.277777778,2.277777778,2.111111111,96,1.722222222,0.4,WNW,0.8,1.8,NNW,2.277777778,2.277777778,2.277777778,1026.6,0,0,0.602,0,17.16666667,50,44,61,9.39,0.0762,665,3,100,30
1/26/2022,8:00 AM,2.555555556,2.555555556,2.277777778,96,2,0.4,NNW,0.8,2.2,N,2.555555556,2.555555556,2.555555556,1026.4,0,0,0.592,0,17.05555556,50,43.8,60.8,9.4,0.0762,668,3,100,30
1/26/2022,8:30 AM,2.722222222,2.722222222,2.555555556,96,2.166666667,0.4,ESE,0.8,1.3,WSW,2.722222222,2.722222222,2.722222222,1025.9,0,0,0.585,0,17.16666667,50,44,61,9.39,0.0762,667,3,100,30
